id,domain,status,purchase_price,renewal_price,attractiveness,demand,length,registrar,created_at,expires_at,status_verified_at
53fa7996-5bee-46dc-99f8-636022d1a3df,actuators.org,resell,,,high,low,9,"GoDaddy.com, LLC",18/03/2002 00:42,18/03/2027 00:42,26/09/2026 01:22
d350e826-dacd-4ed8-8636-c6b33a7170df,tournament.org,resell,,,high,low,10,Dynadot Inc,23/04/1999 04:00,01/12/2027 17:46,27/09/2026 05:49
00915071-6caa-434b-96c7-13547f3dd59f,recklessly.org,resell,,,medium,low,10,"Sav.com, LLC - 39",14/02/2024 15:15,14/02/2027 15:15,26/09/2026 08:32
7c6b37c8-f3a6-4c1b-8608-9e9c0828ff1d,conurbation.org,available,,,high,high,11,,,,
72022d0c-563f-417b-aae7-8c05d1d6aa5b,sniffly.org,available,7.98,18.98,high,medium,7,namecheap,,,10/09/2026 12:35
14efb5c1-2db1-416d-b03a-affc809edf39,clxxx.org,available,8.48,18.98,medium,low,5,namecheap,,,
87c6f93b-9af9-4d2e-a257-35adefd74ca7,fold.org,premium,33166,,high,low,4,GoDaddy Online Services Cayman Islands Ltd.,15/10/2002 08:17,15/10/2026 08:17,
0eab396e-8d63-4058-a642-f62fb7d0f486,buildings.org,resell,,,high,low,9,,,,27/09/2026 09:32
68f27369-c000-47e2-b8f5-90593358dbc1,agleam.org,available,8.48,18.98,medium,low,6,namecheap,,,
96d067e6-94ac-478a-82f3-be23131c25cb,conducted.org,resell,,,medium,low,9,"GoDaddy.com, LLC",15/12/2016 23:35,15/12/2026 23:35,26/09/2026 05:11
4508a3f3-5218-4094-967a-117a6b2752f3,effeminize.org,available,,,high,high,10,,,,
b82a180b-e261-4b6d-9704-b8b41dbe6396,altering.org,resell,,,high,low,8,"GoDaddy.com, LLC",05/02/2018 14:41,05/02/2027 14:41,26/09/2026 03:49
f7497e1c-9a56-41a2-bc86-c6032964c478,biasing.org,available,,,high,high,7,,,,
05b6e1a8-a2dc-487b-8967-0bab42d35ee6,systems.org,resell,91885,21.99,medium,low,7,Dynadot Inc,30/03/1995 05:00,31/03/2034 05:00,27/09/2026 02:29
fe9952aa-b444-4438-a6b7-c5f6be118cd3,accommodative.org,available,,,high,high,13,,,,
19d5e701-cc4b-452c-bb6c-b83df087bf52,bookdealer.org,resell,,,high,high,10,"GoDaddy.com, LLC",14/05/2003 19:09,14/05/2027 19:09,26/09/2026 04:32
8a4627e7-e007-4798-8ba7-d59d830e277e,create.org,resell,,,high,medium,6,"GoDaddy.com, LLC",08/05/1997 04:00,09/05/2027 04:00,26/09/2026 05:19
9c81ae10-d4c3-4d62-81db-bf5f3e5807d7,tonnage.org,available,,,high,high,7,,,,
7f65d531-e246-4c23-a859-6e81bd671ffa,rubberneck.org,available,,,high,high,10,,,,
46e86f6f-d7d0-4a8a-ba3d-7f9ce33ae0e2,slighting.org,available,8.48,18.98,medium,low,9,namecheap,,,09/08/2026 13:15
4be51df3-d741-4832-8769-8cddcdf23b09,cooked.org,resell,,,high,low,6,GoDaddy Online Services Cayman Islands Ltd.,25/06/2002 18:38,25/06/2027 18:43,26/09/2026 05:14
45fb4c8d-dcbd-4b4d-a5fc-59f3c37be04c,smartphone.org,resell,,,high,low,10,"Register4Less, Inc.",12/05/1999 03:27,12/05/2027 03:27,26/09/2026 09:06
fc6c6b9e-d89f-4eb2-9a23-0bed9929de2e,detail.org,resell,,,high,low,6,Dynadot Inc,18/03/2001 11:35,18/03/2027 11:35,27/09/2026 09:10
106f33a3-cf14-4e27-8b69-ecbe30b8fc36,panchaea.org,available,,,high,high,8,,,,
0cdda86a-98ac-4fdb-a60a-ca15147ae266,huisache.org,available,8.48,18.98,medium,low,8,namecheap,,,16/09/2026 20:11
d3b15d03-6f05-4898-8288-6941923b957d,nonromantic.org,available,,,high,high,11,,,,
f4c2a0f2-97dd-47b2-bf4f-be7d45105237,braised.org,available,8.48,18.98,medium,low,7,namecheap,,,11/08/2026 01:55
4fe6a7d6-43af-4159-ac49-794de8d55ca5,oversee.org,premium,10660.5,,high,low,7,GoDaddy Online Services Cayman Islands Ltd.,12/08/2001 22:29,12/08/2026 22:29,
345476d4-5a95-47eb-9877-1fa57c0901af,lordships.org,available,,,medium,low,9,,,,
769c6613-d5b8-46e0-a122-6e03571af7fa,golosh.org,available,,,high,high,6,,,,
2437265a-47b5-4ec8-8f13-efde466e0654,fibbing.org,available,,,high,high,7,,,,
8452fe44-78c9-47a0-b3a3-6fc03880ab74,abrachia.org,available,14.99,14.99,medium,low,8,namesilo,,,16/09/2026 16:47
e846eb41-5e5e-401b-9595-b26f0a7fc0b0,shall.org,resell,,,high,low,5,"Network Solutions, LLC",05/04/2001 10:40,05/04/2027 11:40,26/09/2026 08:57
926491ab-9724-4815-8a0f-ba29698c9d79,flamboyantly.org,available,,,high,high,12,,,,
c6723a16-41b4-4325-b6f2-4ed49b9c3047,superconductor.org,resell,,,high,high,14,"GoDaddy.com, LLC",15/09/2022 13:15,15/09/2027 13:15,26/09/2026 09:25
29f7ed7a-563f-4e6b-80d6-71d9ebfe74c6,kayleigh.org,resell,,,high,high,8,"eNom, LLC",16/01/2002 19:36,16/01/2033 19:36,26/09/2026 07:03
44df926b-ca07-4241-ac2b-d6f9956d0590,bluejackets.org,available,,,medium,low,11,,,,
9652538c-dfbf-4cc8-9808-0c5de91f8068,nearline.org,available,,,high,high,8,,,,
2db702a3-1f62-4a94-9a24-7fca24c87415,classrooms.org,resell,,,high,medium,10,Dynadot Inc,11/11/1999 22:54,11/11/2026 22:54,26/09/2026 04:58
96c2b27f-65a6-4ce3-93d1-cb72dad58937,handless.org,available,8.48,18.98,medium,low,8,namecheap,,,11/08/2026 10:12
e1564cc1-03df-4971-b83c-494781a7fbfa,undersaturated.org,available,,,high,high,14,,,,
a3083f8c-8fc2-4f4b-bba7-228b586e6840,ridgling.org,available,,,high,high,8,,,,
650fc37b-cc5a-47a8-a4b2-cce6f346ffd3,carbonatation.org,available,,,medium,low,13,,,,
17ac830c-c2c8-486e-96c5-f5b9d3ff1f55,confiding.org,available,8.48,18.98,high,low,9,namecheap,,,12/08/2026 20:45
25cc819c-7ccb-4528-a78d-9dcee34dbf18,stereographic.org,available,,,medium,low,13,,,,
3d1dd76a-9254-4b35-beee-674465ee3cc5,tonsil.org,resell,,,high,high,6,"GoDaddy.com, LLC",16/10/1998 04:00,15/10/2027 04:00,26/09/2026 09:40
21b02fa2-1e6a-4f27-8d17-c33d9d1fc66b,luxembourger.org,available,,,high,high,12,,,,
d75e44b7-7243-4f79-8810-2b58ebc704c6,reaped.org,available,,,medium,low,6,,,,
1e5b38d5-163e-4d72-a4c6-e13357a24639,selfjoin.org,available,,,high,high,9,,,,
7ed1a0d7-3d4a-4ce1-9ec4-91c61dcfed9b,anodyne.org,resell,,,high,low,7,"NameSilo, LLC",09/04/1997 04:00,10/04/2027 04:00,26/09/2026 03:53
307ecead-3b13-433e-8459-335bba60813b,earl.org,resell,,,high,high,4,"GoDaddy.com, LLC",30/07/1998 04:00,29/07/2027 04:00,26/09/2026 05:44
8e443b32-4bfc-4954-b11f-c02e1c05abcb,lobo.org,resell,,,high,high,4,"GoDaddy.com, LLC",15/12/1996 05:00,14/12/2026 05:00,26/09/2026 07:17
f011bc47-a2a1-4c1b-804c-74d96d898961,upper.org,resell,,,high,low,5,Dynadot Inc,21/10/2024 15:15,21/10/2027 15:15,26/09/2026 09:53
d3640fca-1248-49ee-99e8-6e77bbf8c296,restarting.org,resell,,,medium,low,10,"GoDaddy.com, LLC",14/05/2006 09:08,14/05/2027 09:08,26/09/2026 08:38
dbf0acbd-288a-421d-8b42-bdf08797c4e4,introduce.org,resell,,,high,low,9,Rabbitsfoot.com LLC d/b/a Oxygen.nyc,23/05/2004 19:00,23/05/2027 19:00,26/09/2026 06:56
b103ad8d-cc94-4893-9860-156e08eb7067,acquisitor.org,available,,,high,high,10,,,,
dbedd1e4-02bc-4837-98c8-30e97978756d,genderbending.org,available,,,high,high,13,,,,
091da981-1c5a-4a73-b701-4c8601f2c2d0,similarity.org,resell,,,high,high,10,"GoDaddy.com, LLC",18/12/2015 14:30,18/12/2026 14:30,26/09/2026 09:02
aef02fd3-f7c0-483c-8086-4b3d72184a13,carrauntoohill.org,available,,,high,high,14,,,,
814275dd-c558-44f5-bf2d-f115c0e91089,quiltmaking.org,available,,,high,low,11,,,,
5e80583d-479c-4695-8ccc-709e15c636b5,directness.org,available,,,high,high,10,,,,
3a20f6f8-0b06-486c-ad63-1f459131f7a1,resiliency.org,resell,,,high,high,10,"Network Solutions, LLC",11/07/2005 02:21,11/07/2027 02:21,26/09/2026 08:37
75d1fad2-d6d3-4030-9b85-725c5d3a7f5d,forthset.org,available,,,high,high,8,,,,
0a52cd63-6c6b-427d-9e00-fabd9c317634,sumbuddy.org,available,8.48,18.98,medium,low,8,namecheap,,,25/09/2026 14:28
1703bec9-a3b3-4507-a5e8-d084b1a9399b,carafe.org,resell,,,high,high,6,"GoDaddy.com, LLC",09/02/2004 16:15,09/02/2027 16:15,26/09/2026 04:46
8820087d-aef3-4d35-bf8d-266c85109da0,importune.org,available,,,high,high,9,,,,
ed9b8689-0b06-475a-9a47-ca04f833bf2f,unscissored.org,available,,,medium,low,11,,,,
be9268dc-c249-40fd-a2d0-798c904ef6cd,hides.org,resell,,,medium,low,5,"GoDaddy.com, LLC",27/10/2003 14:41,27/10/2027 14:41,26/09/2026 06:39
c655640c-08c9-4f56-b853-f7bccc5bb8f7,ounces.org,resell,,,medium,low,6,"GoDaddy.com, LLC",19/03/2005 21:45,19/03/2027 21:45,26/09/2026 07:57
505bde79-f833-45a4-8d2f-a38fa4b669cb,mouthwash.org,resell,,,high,high,9,"GoDaddy.com, LLC",21/04/2005 18:55,21/04/2027 18:55,26/09/2026 07:40
9794a5c6-1504-4831-89a5-c92fe660342b,crosspatch.org,available,8.48,18.98,medium,low,10,namecheap,,,13/08/2026 05:02
97d31fb7-208c-4ba3-8f7c-8031f1731359,sacrebleu.org,resell,,,high,medium,10,Dynadot Inc,15/03/2026 17:00,15/03/2027 17:00,26/09/2026 08:46
3b36ab0b-c29c-4229-a28f-2bdeddf1c721,pentagrams.org,available,,,low,low,10,,,,
3cd2accb-af1d-42f1-95f9-a0670510e3c2,kiwiland.org,available,,,high,high,8,,,,
aac91332-1541-4ad5-a291-e65c8d9f6802,nubieber.org,available,,,high,high,8,,,,
473db758-5259-473d-9522-bb8357cce751,revenuers.org,available,,,medium,low,9,,,,
114542aa-553d-4464-8862-b0a4a6f41d1d,ultraprofound.org,available,,,high,high,13,,,,
3fc4de0b-4bdb-4780-bbda-e9c3e7b80c0d,sacking.org,available,8.48,18.98,medium,low,7,namecheap,,,21/09/2026 18:04
3e28212a-c057-482e-8079-7e705c73f2fb,demure.org,resell,,,high,low,6,"GoDaddy.com, LLC",11/01/2021 14:30,11/01/2027 14:30,26/09/2026 05:29
11167720-bdf9-4cc2-b938-a474a038425e,kerned.org,available,,,medium,low,6,,,,
f2faefcb-1f17-48b8-ab1e-19139e1136ea,unalarming.org,available,7.98,18.98,high,low,10,namecheap,,,12/09/2026 00:14
accfff28-113f-401d-8329-577000ad3052,nwr.org,resell,,,high,high,3,1API GmbH,02/11/2016 14:30,02/11/2032 14:30,26/09/2026 07:50
68fda418-f605-4a01-8c4d-9f5c6cc43c67,subaquatics.org,available,,,medium,low,11,,,,
918aa907-4b79-4b22-a240-92c96d4e7fe4,reciprocate.org,resell,,,high,high,11,"GoDaddy.com, LLC",12/05/2004 04:07,12/05/2028 04:07,26/09/2026 08:32
d6f32d4b-dc8d-4534-b108-c2a993314cd8,overshadows.org,available,,,medium,low,11,,,,
0bb8f22e-f2c4-447f-a3e6-d4190b7f5e84,donchaknow.org,available,,,high,high,10,,,,
5ede87e0-e502-4bb9-9526-5aace67be4e5,milkstone.org,available,,,high,high,9,,,,
64efb372-d9da-43f5-8020-dd5155224df0,nitpicking.org,available,14.99,14.99,medium,low,10,namesilo,,,19/09/2026 01:08
c052645e-8122-4829-a159-5bdb3f4e71fe,gottscheerish.org,available,,,high,high,13,,,,
a2336eb8-7426-4d43-8a31-5bf1c9e8fd60,minoring.org,available,,,medium,low,8,,,,
ddda9ffb-b0fe-4b71-9c18-99862ff5c1f6,transmissivity.org,available,,,medium,low,14,,,,
eee62e26-f4ff-41a1-9ade-d82cad6a4c78,dismissed.org,resell,,,medium,low,9,"GoDaddy.com, LLC",29/04/2005 18:55,29/04/2027 18:55,26/09/2026 05:35
1b95164d-e125-41fe-8250-cd4c57c1bd9a,dreamfully.org,available,7.98,18.98,medium,low,10,namecheap,,,14/09/2026 14:19
768da159-18f7-4d25-8268-e1ea4d787b6b,serangoon.org,available,,,high,high,9,,,,
fceb1bfc-67ea-4618-bb79-b71c36803c69,browallia.org,available,,,high,high,9,,,,
2fd8e5c1-6d20-4f67-b256-d15e69ec3090,swipecard.org,available,,,high,high,9,,,,
c78fe236-023d-447b-b2f8-23fb1bdad99e,clanging.org,available,8.48,18.98,medium,low,8,namecheap,,,12/08/2026 09:31
49ab7a2d-94bb-4f15-8bef-c137efdb8fcc,ginnels.org,available,,,low,low,7,,,,
b173602d-1c11-413d-b7a4-0b5d5895c125,fifths.org,available,,,medium,low,6,,,,
cba0ca4b-0805-41ac-ac83-688fa1dc2b0e,wencher.org,available,,,high,high,7,,,,
eab413c4-5ccb-4f3d-8284-468ecde121d2,pooh.org,resell,,,high,high,4,"GoDaddy.com, LLC",31/10/1998 05:00,30/10/2027 05:00,26/09/2026 08:14
0a868f13-c30c-4f25-b1d5-0168cf929cd9,raingear.org,premium,,,high,high,8,Annulet LLC,13/08/2001 00:45,13/08/2025 00:45,
aa3a1328-7a16-4f28-87b6-98ecd94c2182,niuean.org,available,,,high,high,6,,,,
afb53242-341a-4273-b762-5eeed54f4bea,flatlets.org,available,,,low,low,8,,,,
cfd1d009-3d83-4c73-ad48-6bbb86a2daf1,lazing.org,available,,,low,low,6,,,,
b4b97538-6f3e-47e6-bb13-dcd9c67c20d2,midtwentieth.org,available,,,high,high,13,,,,
2b768c5e-bb49-4a44-8927-c6385e02375f,browsewrap.org,available,,,high,high,10,,,,
1d679489-e127-4227-a523-7e5729d6d087,bedewed.org,available,8.48,18.98,medium,low,7,namecheap,,,09/08/2026 06:46
553d0935-698a-4065-8a53-77632ccc8cb7,wintry.org,resell,,,medium,low,6,DropCatch.com 1008 LLC,26/12/2025 15:15,26/12/2026 15:15,26/09/2026 10:11
e9448138-190c-499b-b159-e83f8de7e9dd,excoworker.org,available,,,high,high,11,,,,
6115ece5-0d31-429f-9c7f-bbefbc44a09e,maxim.org,resell,,,high,low,5,Dynadot Inc,18/05/1998 04:00,17/05/2028 04:00,26/09/2026 07:28
e947ff39-51c8-4aa6-806f-7945957abd54,expansionless.org,available,,,medium,low,13,,,,
fc58159b-8504-44dd-b01d-e78c0dfedff3,drillmasters.org,available,,,medium,low,12,,,,
2e7219a4-ad68-440b-931e-4a35d7c04ad6,fleeces.org,available,,,medium,low,7,,,,
1e20f1b3-0581-4042-9225-2bb5a8483231,gastric.org,resell,,,medium,low,7,"GoDaddy.com, LLC",26/07/2005 18:56,26/07/2027 18:56,26/09/2026 06:20
d6b68527-3dc9-44e1-8199-65d061f853e6,etched.org,resell,,,high,low,6,"GoDaddy.com, LLC",05/02/2008 21:46,05/02/2029 21:46,26/09/2026 05:54
c632c05a-f53e-46cf-8d6a-e0ce34d17681,placeholding.org,available,,,high,low,12,,,,
d358c282-366e-4e66-96b1-eed200f5d2c9,bucketball.org,available,,,high,high,10,,,,
16944128-3ee9-409c-acf1-6f923f042b0e,noncarcinogen.org,available,,,high,high,13,,,,
4e921a0b-e7c2-4c57-8bd9-f33e6be0870e,tracklaying.org,available,,,high,low,11,,,,
31129d41-7693-4f6f-b99b-35244e3f2ef5,greyish.org,available,14.99,14.99,medium,low,7,namesilo,,,25/09/2026 10:40
12c265e2-4b4a-47da-b92a-14dc7c180a19,necessitates.org,available,,,medium,low,12,,,,
035fea8b-7da2-4d58-b2c9-49620951d309,amphibiously.org,available,,,high,high,12,,,,
7239ce78-c6f6-44a3-9d0e-d3ddb2177653,frankfurter.org,resell,,,high,high,11,"GoDaddy.com, LLC",16/08/2020 14:30,16/08/2027 14:30,26/09/2026 06:14
6a4d5433-2889-4cfa-ade3-8cde9afb8f12,waterloo.org,resell,,,high,low,8,"Sea Wasp, LLC",11/12/2008 14:30,11/12/2027 14:30,26/09/2026 10:04
b84685c0-7fc4-46c5-85cd-1be3752a8b32,gutless.org,resell,,,medium,low,7,"GoDaddy.com, LLC",03/01/2008 14:57,03/01/2027 14:57,26/09/2026 06:32
479a7184-1538-456f-a51a-4ef4a94e75b9,spareness.org,available,,,high,high,9,,,,
aaa8deea-6f7a-435a-b5c8-0b37032edc5e,pleather.org,available,,,high,high,8,,,,
cf53aca7-5bc0-4451-9d2c-257ea5c84170,applecart.org,resell,,,high,low,9,"GoDaddy.com, LLC",30/01/2023 15:15,30/01/2028 15:15,26/09/2026 03:56
6dae8f5b-06e4-4060-99b0-471e0b7cff47,freshfield.org,resell,,,high,high,10,"GoDaddy.com, LLC",08/01/2024 15:15,08/01/2028 15:15,26/09/2026 06:15
09787972-e8c2-41d5-8178-43dab8732639,kiribatese.org,available,,,high,high,10,,,,
83b9087f-ab79-4353-b658-f63da767add3,glagolitic.org,available,,,high,low,10,,,,
68c69d82-65ec-40ab-a434-1977a47619b8,smashingly.org,available,7.98,18.98,medium,low,10,namecheap,,,16/09/2026 02:49
d70ca511-b73a-411f-a245-8750790422bc,outsold.org,available,,,high,high,7,,,,
7d4e1bce-50bb-4f2c-a384-632a52df0221,recitations.org,available,,,medium,low,11,,,,
85c7e3c0-e0b7-4e77-ad59-374a260c00a6,nanti.org,available,,,high,high,5,,,,
f12e8fae-ff27-4e93-90d4-327b8359767d,encrust.org,available,,,high,high,7,,,,
e8830f57-1658-4d9b-ab6f-81356bb2407d,speedier.org,available,,,medium,low,8,,,,
eca0b375-007f-4d5b-9c46-e9bcd5837037,luster.org,resell,,,high,high,6,Dynadot Inc,01/08/2011 14:30,01/08/2028 14:30,26/09/2026 07:21
462a784f-bdc9-404f-be6e-cc46cbd83b5a,alternarock.org,available,,,high,high,11,,,,
ab11f1b3-81a0-40f8-b485-976f8e12c8ff,homogeniser.org,available,,,high,high,11,,,,
0030cb06-dfe2-47eb-8ff9-72a3d4d29456,strongly.org,resell,,,high,low,8,"GoDaddy.com, LLC",20/12/2006 22:15,20/12/2026 22:15,26/09/2026 09:21
789c0345-f4cb-46b6-89e5-1e494ea22e36,mailers.org,resell,,,high,medium,7,Dynadot Inc,17/10/1996 04:00,16/10/2027 04:00,26/09/2026 07:23
f6d72eec-60cc-4e7f-97f0-98821ba6e5e4,acculturation.org,available,14.99,14.99,high,high,13,namesilo,,,26/09/2026 01:20
94c12db5-c03c-4680-88c2-55b82844ccf5,credobaptist.org,available,,,low,low,13,,,,
ccae4b6e-23c5-4bfd-ba31-423dd85c2625,blithe.org,resell,,,high,low,6,"GoDaddy.com, LLC",19/07/2013 17:44,19/07/2027 17:44,26/09/2026 04:29
f47826c8-3afa-4142-902f-1535664f9cf1,prestopped.org,available,,,medium,low,11,,,,
1667c170-1ff7-4ae9-84ae-9f1389a7115b,franekeradeel.org,available,,,high,high,13,,,,
860d880a-1301-49e5-8dba-3bd47f348516,unlaced.org,available,7.98,18.98,medium,low,7,namecheap,,,12/09/2026 14:37
88e578e9-fc19-4197-b8f8-79d1076330c4,wormholes.org,resell,,,high,low,9,"GoDaddy.com, LLC",22/01/2025 15:15,22/01/2028 15:15,26/09/2026 10:14
ccbf1352-b798-4f02-a1b2-2b7efa11ba24,maturate.org,available,8.48,18.98,high,low,8,namecheap,,,24/08/2026 17:31
18f0580e-656e-48e6-90f8-8e65a70325be,imaginably.org,available,,,high,high,10,,,,
17df0d71-3b71-470c-bd69-787c7225da1c,godlore.org,available,,,high,high,7,,,,
f13ab3b0-e70f-4978-9338-bdd2370cac73,fivepence.org,available,,,high,high,9,,,,
28994070-0328-4cd6-9159-b2ccf31fad0c,limerick.org,resell,,,high,high,8,"GoDaddy.com, LLC",12/02/2003 08:05,12/02/2027 08:05,26/09/2026 07:14
3a3eff2e-8428-4cb0-aa39-0322dfde65d0,hymnical.org,available,,,medium,low,8,,,,
2565e966-6be4-47ca-92cc-0cf3c2b176d8,popularisation.org,available,,,high,high,14,,,,
5cf068a8-9016-44dd-bd7a-ea59101c5370,singled.org,available,,,medium,low,7,,,,
b53347e3-1ea6-46d2-80fc-6d701654c6b4,extravert.org,resell,,,high,low,9,"GoDaddy.com, LLC",31/07/2022 13:15,31/07/2027 13:15,26/09/2026 05:58
a5019ff3-6669-42d5-a671-837ccfd0d637,grecanici.org,available,,,low,low,9,,,,
a1c43e53-7f7e-4be8-b812-07743055d4e2,protected.org,resell,,,high,low,9,"GoDaddy.com, LLC",19/05/2000 16:23,19/05/2027 16:23,27/09/2026 07:42
235781ee-abe7-471b-abae-a53de2480914,finalized.org,resell,,,medium,low,9,"GoDaddy.com, LLC",22/03/2021 04:10,22/03/2027 04:10,26/09/2026 06:05
3990a145-4073-4f51-b1c1-34c64819b0a9,monotony.org,resell,,,high,low,8,"GoDaddy.com, LLC",19/04/2024 15:15,19/04/2027 15:15,26/09/2026 07:37
f7a77e53-6673-4ac0-85cd-294e5b418261,slipped.org,resell,,,high,low,7,"Sav.com, LLC - 39",26/02/2024 15:16,26/02/2027 15:16,26/09/2026 09:05
5070dafc-8015-42a3-90b0-7fd936704aff,marginally.org,available,7.98,18.98,medium,low,10,namecheap,,,15/09/2026 13:29
58d9d047-c9d9-454d-b7a3-aed4262f3094,resentful.org,resell,,,medium,low,9,DropCatch.com 1349 LLC,20/05/2026 15:15,20/05/2027 15:15,26/09/2026 08:37
f82a59f0-a676-4c98-b510-b583bc8cde47,nevaeh.org,resell,,,high,high,6,"GoDaddy.com, LLC",16/07/2010 02:32,16/07/2027 02:32,26/09/2026 07:45
433707cb-0bce-4ed2-9d94-6bf469d95177,pecker.org,resell,,,high,high,6,Moniker Online Services LLC,17/03/2003 06:03,17/03/2027 06:03,26/09/2026 08:05
ff7e90d5-a85f-48cd-8bce-620a1ed2ce23,tolbooth.org,available,,,high,high,8,,,,
773cc680-d7a6-4225-98a8-c4123d365654,gravitropism.org,available,,,high,low,12,,,,
bc2b266a-a7b3-43d3-988a-d2acc053215e,megadiverse.org,available,,,high,low,11,,,,
d26ce98f-131d-4df6-b3f7-32e645415a04,polysome.org,available,,,high,high,8,,,,
ab1ddb02-0c46-48c2-8e7d-2084beb2ca3a,molt.org,resell,,,high,high,4,"NameSilo, LLC",22/06/2002 10:58,22/06/2027 10:58,26/09/2026 07:36
19d6f979-965e-4567-a695-d7139632e490,basis.org,resell,,,high,low,5,Unstoppable Domains Inc.,27/03/1997 05:00,28/03/2027 05:00,26/09/2026 04:17
776d3720-f937-48c4-b666-c5c09cc35d7d,newsdealer.org,available,,,high,high,10,,,,
2d97fa68-451d-44ce-99fb-eb1d2e58b398,through.org,resell,,,high,low,7,"GoDaddy.com, LLC",23/12/2002 22:37,23/12/2028 22:37,26/09/2026 09:37
72f911f8-cd4c-423f-b2b4-4d71495e6b8d,correlating.org,available,,,medium,low,11,,,,
2deec4bb-8854-4704-bd12-8ca5ed5427ec,asianist.org,available,,,high,high,8,,,,
7151a943-91d3-4e71-9166-182ebaed0a0b,sacredness.org,resell,,,high,high,10,Unstoppable Domains Inc.,17/04/2003 08:06,17/04/2027 08:06,26/09/2026 08:46
14601ba0-0475-46fc-9092-9988b664d351,calligrams.org,available,,,medium,low,10,,,,
41935aac-4098-4436-baa0-35b389a23918,likelihoods.org,available,,,medium,low,11,,,,
ab20943c-b2a5-45e2-b979-c44d896d5e50,centuries.org,resell,,,medium,low,9,"Network Solutions, LLC",05/06/2020 14:30,05/06/2027 14:30,26/09/2026 04:50
b60d02f7-332b-4d08-acde-729ec4561b05,maddie.org,resell,,,high,high,6,"Spaceship, Inc.",05/03/2001 09:40,05/03/2028 09:40,26/09/2026 07:22
ee07e895-87a9-4ec7-8348-d7a4e36a7b76,irresistably.org,available,,,high,high,12,,,,
65953cc2-be60-438c-8fd6-7fb8fa26047e,unofficial.org,resell,,,high,low,10,Dynadot Inc,21/10/1997 04:00,20/10/2027 04:00,26/09/2026 09:52
65d4dfd8-9dc2-4ee4-a07f-97e8567207cf,greenness.org,resell,,,high,low,9,Dynadot Inc,29/01/2021 14:37,29/01/2027 14:37,26/09/2026 06:29
4ed1ff37-4478-4b86-99c0-71dcea53b701,ultraexclusive.org,available,,,high,high,14,,,,
1ebc302a-8242-4ef5-84b9-f04cda843146,athlete.org,resell,,,high,low,7,"GoDaddy.com, LLC",18/03/1999 05:00,18/03/2028 05:00,26/09/2026 04:06
9e85169c-3035-4d5f-a9d9-03aa903d8aa0,araneae.org,available,8.49,19.99,medium,low,7,name.com,,,20/09/2026 00:06
dbb152e6-a840-4197-8ad0-1c6ba98a0806,psychotherapy.org,resell,,,high,high,13,Atom.com Domains LLC,28/04/1996 04:00,29/04/2028 04:00,26/09/2026 08:24
876a4152-c149-4c40-8237-1657a370a703,baseballist.org,available,,,medium,low,11,,,,
886cb597-6a27-4b9c-9118-c545d0697a80,heartily.org,resell,,,high,low,8,"GoDaddy.com, LLC",23/09/2023 15:15,23/09/2027 15:15,26/09/2026 06:37
5a2bd0b0-7482-45e2-a44a-f412f942627a,gaiety.org,resell,,,high,high,6,Dynadot Inc,08/05/2017 14:30,08/05/2027 14:30,26/09/2026 06:18
596ae870-cabc-4dad-8d12-5bf9d1221e79,fingerprintability.org,available,,,medium,low,18,,,,
382a1089-7139-4083-9f99-926d344a2d61,liberian.org,resell,,,high,low,8,"Sav.com, LLC - 15",16/04/2025 15:15,16/04/2027 15:15,26/09/2026 07:13
abfef9c5-b148-49b4-86a0-0f105080d2d2,collaborators.org,premium,,,high,medium,13,"Azdomainz, LLC",25/05/2002 05:47,25/05/2026 05:47,
b63c7853-a69e-4219-b974-1e401ae68d1c,alliterate.org,available,,,high,high,10,,,,
bbc1653f-3936-4c2b-93f4-5557c7ab67f6,flameproofer.org,available,,,high,high,12,,,,
1fb74eb8-3da7-4656-b39b-fb6622ee78d0,romanticize.org,available,,,high,high,11,,,,
05fc62be-f141-456a-9a60-3da9881df814,metallize.org,available,,,high,high,9,,,,
e586d333-8cd1-4f5a-9387-b2e20a669ec9,applier.org,available,14.99,14.99,medium,low,7,namesilo,,,19/09/2026 21:54
48a696c6-ce7d-4eb2-926b-69779b9a2311,apiarist.org,resell,,,high,low,8,"GoDaddy.com, LLC",04/08/2007 03:55,04/08/2027 03:55,26/09/2026 03:55
c8bf2dc3-e274-41ab-85b5-47a1aa2da28e,rake.org,resell,,,high,low,4,Dynadot Inc,13/09/2001 18:12,13/09/2027 18:12,27/09/2026 07:07
1684e440-b07d-4d24-a2ba-3f0997ece8f3,fraternalist.org,available,,,high,high,12,,,,
10b14527-32f6-4b7e-9ef0-458121911e34,emulsify.org,available,,,high,high,8,,,,
76cda1ec-4718-469f-a232-e4e73d331680,woolgathering.org,available,,,high,high,13,,,,
a3bfca2d-7be0-4172-a5b2-4a44d36f3d4e,cyclopedia.org,resell,,,high,high,10,"GoDaddy.com, LLC",21/06/2002 21:35,21/06/2027 21:35,26/09/2026 05:24
cb4ff268-a4aa-4e80-b540-333a8c5d1c5c,fosdyke.org,available,,,high,high,7,,,,
e978e202-78ed-446a-a86b-c3fa2a2cb861,preferably.org,resell,,,high,low,10,Dynadot Inc,24/12/2017 22:40,24/12/2026 22:40,26/09/2026 08:17
338109db-a7e4-4926-b1fc-f9ac64b25ad5,zambian.org,resell,,,high,low,7,Unstoppable Domains Inc.,06/02/2025 15:15,06/02/2027 15:15,26/09/2026 10:16
30531727-b39a-4b6c-b46f-346d6ece0a49,accoupled.org,available,,,medium,low,9,,,,
a301caac-835b-40cf-80e9-b10e8cfb6848,undisturbing.org,available,,,high,high,12,,,,
1d1faa4f-0e76-4394-8f04-7dd34c475f5d,wheelwise.org,available,14.99,14.99,high,high,9,namesilo,,,25/09/2026 15:24
29fa1825-8d5b-418b-8bc1-e82fe6ec70ef,pansy.org,resell,,,high,low,5,"Sea Wasp, LLC",14/01/2004 14:40,14/01/2036 14:40,26/09/2026 08:01
04135b94-9e3f-47e5-a9ab-3eabb4510ed1,squeaked.org,available,,,medium,low,8,,,,
5a52bbb4-6f22-4b4f-a714-6f786b514252,plantain.org,resell,,,high,high,8,"GoDaddy.com, LLC",19/03/2004 19:33,19/03/2027 19:33,26/09/2026 08:11
657abe7e-7052-425f-9dff-8d4b6b20f8a6,viennese.org,available,7.98,18.98,high,low,8,namecheap,,,13/09/2026 05:30
2ad3051d-4175-4858-88a8-465a6eed7ea0,degerm.org,available,,,high,high,6,,,,
94f0916f-ed01-4b1a-99b1-d2d75912285a,quelled.org,available,7.98,18.98,medium,low,7,namecheap,,,09/09/2026 08:24
af3bc2f4-f293-499c-8168-2ad6e0148469,dessert.org,resell,,,high,low,7,"Network Solutions, LLC",18/07/2004 18:58,18/07/2027 18:58,26/09/2026 05:31
8f445b01-e07c-49f0-bf0d-33769c4c26dc,papoose.org,premium,,,high,high,7,"Azdomainz, LLC",11/05/2011 14:30,11/05/2026 14:30,
e64bacac-c51e-41f7-8518-e148ce6412f8,mod.org,resell,,,high,low,3,"GoDaddy.com, LLC",26/07/2002 13:08,26/07/2027 13:08,26/09/2026 07:36
f67d973b-e91d-4c58-b954-0f5c1b44dc04,offhandedly.org,available,,,high,high,11,,,,
f1d4068a-3f2f-4b93-a5ab-50bb1a6151c0,aqaba.org,resell,,,high,low,5,Dynadot Inc,29/05/2012 14:30,29/05/2027 14:30,26/09/2026 03:57
383c324a-3fdc-4d87-b5a8-4a02f8b67fcb,delivered.org,resell,,,medium,low,9,"GoDaddy.com, LLC",27/06/2002 13:32,27/06/2027 13:37,26/09/2026 05:29
b3f0f6fd-0b5a-4f3b-9dc3-bb8b4fdec406,pettifog.org,available,14.99,14.99,medium,low,8,namesilo,,,23/09/2026 13:20
98b199ab-714a-4548-ad86-14b259c7a24e,gearstick.org,available,,,high,high,9,,,,
988ba45d-1ea6-4586-9c90-5289ef603b49,busted.org,resell,,,high,low,6,"NameSilo, LLC",09/04/2003 19:04,09/04/2027 19:04,26/09/2026 04:41
b5c5606a-1af5-4818-9603-0e0f175a804b,copular.org,available,8.48,18.98,high,low,7,namecheap,,,13/08/2026 00:38
324ac2b5-f2e8-4ffc-b8ea-1d6d4c70d181,witnessing.org,resell,,,high,high,10,Dynadot Inc,29/03/2000 13:42,29/03/2027 13:42,26/09/2026 10:12
7eeb0a9d-7146-4a42-8998-1259dee3cb63,heatproof.org,available,,,high,high,9,,,,
7dba7c89-804e-4ffd-890a-90a42248c850,frenchiness.org,available,,,medium,low,11,,,,
8331ee1e-9053-4142-aab9-e352daea9983,nsmbw.org,available,,,high,high,5,,,,
a1a2f9b2-7eb7-4cc6-b68c-627cc08d4caa,barack.org,resell,,,high,medium,6,"GoDaddy.com, LLC",28/07/2004 17:07,28/07/2027 17:07,26/09/2026 04:15
f6c30201-e6ef-4499-a62e-9022d74d4372,buzzing.org,resell,,,high,low,7,"Network Solutions, LLC",17/11/1999 10:58,17/11/2026 10:58,26/09/2026 04:42
dd798e8a-31ec-45bc-9972-f0d5a4da6497,hotcockles.org,available,,,high,high,10,,,,
32b12531-7790-42d9-bdf0-a92084972820,pronouncements.org,available,,,medium,low,14,,,,
0066f7bb-1151-487a-8006-45a7ff25d358,frightened.org,resell,,,medium,low,10,"GoDaddy.com, LLC",23/11/2006 18:49,23/11/2027 18:49,26/09/2026 06:15
f894e4f4-d9ad-4f1c-b4fa-75e7b496acbe,spaghettify.org,available,,,high,high,11,,,,
8d693c98-02b7-41bb-b60f-eb07de978c20,dreamward.org,available,,,medium,low,9,,,,
2b952e7e-b556-45de-926d-adf7516911d9,polyresin.org,available,,,high,high,9,,,,
8863f73a-443e-439e-825e-ba4736356cef,airmailer.org,available,8.48,18.98,high,low,9,namecheap,,,17/09/2026 23:15
42eddfec-f7d7-4e61-8b85-549aba2ae62d,megalithic.org,resell,,,high,low,10,"GoDaddy.com, LLC",16/07/2002 21:13,16/07/2027 21:13,26/09/2026 07:30
c667ef99-e59f-4d6c-b852-f7e9b0ea5734,rescaling.org,available,,,high,high,9,,,,
69a6c069-f267-4e64-aeb7-0ed7ed042409,noticeable.org,resell,,,high,low,10,"GoDaddy.com, LLC",06/12/2018 14:38,06/12/2026 14:38,26/09/2026 07:49
3fd66225-8fe2-4983-93f2-19cf9a86d2f5,selfdefensive.org,available,,,high,high,14,,,,
e43b6974-cece-421d-b97f-c64362410b34,clotheshorses.org,available,,,low,low,13,,,,
36ad90bd-6a9f-4f8c-9e57-c14e90a83428,bellicose.org,resell,,,medium,low,9,"GoDaddy.com, LLC",03/07/2015 15:03,03/07/2027 15:03,26/09/2026 04:21
887c3240-1bf6-4299-adf7-06d26deb8ca5,basementward.org,available,,,medium,low,12,,,,
6fedaf21-9601-42b4-a1c7-c3f61e203b9f,localities.org,resell,,,high,low,10,"GoDaddy.com, LLC",04/08/2024 15:16,04/08/2027 15:16,26/09/2026 07:17
e2166fee-ef42-4bfd-9c4a-95bd53b4af23,tunalike.org,available,,,high,high,8,,,,
43381539-9185-4e35-b1cd-1c2d29c4bae5,gallinago.org,available,,,high,high,9,,,,
55406c03-e70a-43c7-b0d6-e39c423cbea5,familial.org,resell,,,high,low,8,"GoDaddy.com, LLC",04/09/2023 15:15,04/09/2028 15:15,26/09/2026 06:00
c1a67279-d33b-4e2a-8fbc-e795269b6782,hotpresser.org,available,,,high,high,11,,,,
98c20af3-2822-46bd-b882-d8ac4a17fc26,fillings.org,resell,,,medium,low,8,"GoDaddy.com, LLC",11/11/2023 15:15,11/11/2027 15:15,26/09/2026 06:04
c4ad8bde-8619-4f9c-bfa6-4a6137f7223f,natal.org,resell,,,high,low,5,"GoDaddy.com, LLC",28/02/1999 05:00,28/02/2027 05:00,26/09/2026 07:43
9de59c96-b8a3-44be-bdfa-55ccbf787bc5,feeler.org,resell,,,high,low,6,DropCatch.com 1455 LLC,10/12/2025 15:15,10/12/2026 15:15,26/09/2026 06:02
d951dc84-7140-4d65-a421-e4e023df9c10,appreciatingly.org,available,,,high,high,14,,,,
922f0bea-8aad-4856-a0ca-67b25e388ac1,defile.org,resell,,,high,low,6,"Sea Wasp, LLC",18/03/2002 00:51,18/03/2027 00:51,26/09/2026 05:28
04e1d838-83b3-464f-966f-768bafea6e74,childlikeness.org,available,,,medium,low,13,,,,
52dcbdc7-1933-43a7-bf67-d1c1589cf0c8,accourages.org,available,,,medium,low,10,,,,
7776427c-ef60-4b80-9527-a6c78f52efce,imprisoned.org,resell,,,medium,low,10,"Sea Wasp, LLC",30/07/2006 18:51,30/07/2027 18:51,26/09/2026 06:49
a2066acb-9c2b-4470-9def-b39dd19e4cf3,sissy.org,resell,,,high,low,5,"GoDaddy.com, LLC",22/06/2006 19:29,22/06/2027 19:29,26/09/2026 09:03
4c4259bc-46c5-4808-8b6a-25d891c4411b,senators.org,resell,,,medium,low,8,"GoDaddy.com, LLC",08/05/1998 04:00,07/05/2027 04:00,26/09/2026 08:54
574ecf06-9f6b-4688-817f-947d16f0a461,unmistakeable.org,available,,,high,high,13,,,,
1340c354-de64-44d2-a3c5-407b79fbd6ac,trusts.org,resell,,,high,low,6,"Register.com - Network Solutions, LLC",10/12/1995 05:00,09/12/2026 05:00,26/09/2026 09:47
eb566828-c46f-41d9-9062-43457dc786a0,velveeta.org,available,14.99,14.99,high,high,8,namesilo,,,26/09/2026 09:57
0d9c0c5b-6359-4204-a6fe-a0789020457f,snowprint.org,available,,,high,high,9,,,,
41c960c4-a770-4a5a-b528-025d74f4ae81,basherts.org,available,,,low,low,8,,,,
bf2c8192-7a01-4c8f-a087-9a300e25c280,gottscheerisch.org,available,,,high,high,14,,,,
f5a084ef-82ea-4ada-af06-6640b9a0286d,lucania.org,resell,,,medium,low,7,"Spaceship, Inc.",02/04/2026 18:19,02/04/2027 18:19,26/09/2026 07:20
af68e657-154c-4312-935c-3fac93502b18,vestris.org,available,,,high,high,7,,,,
ae4bbe1b-9197-456a-806d-75c6bfb2fb3a,highleg.org,available,,,high,high,7,,,,
efb179cb-3fa9-43ee-a996-d17fe370b41f,bobcat.org,resell,,,high,medium,6,Key-Systems GmbH,20/02/2004 19:43,20/02/2027 19:43,26/09/2026 04:31
6ff62187-6f74-4e5e-b737-fad10c39b4c8,untoasted.org,available,7.98,18.98,medium,low,9,namecheap,,,12/09/2026 21:35
caf47fb1-c347-4c4e-8c3d-ed9a903c5584,layette.org,available,,,high,high,7,,,,
894d0434-8c05-4aee-b2f2-e24cb39f83c3,japaning.org,available,,,low,low,8,,,,
de374a77-4df0-4a55-8f18-50f458db8691,pacifying.org,available,,,medium,low,9,,,,
2bb40a15-910d-4b72-ab0e-2271be49c7a1,reassured.org,resell,,,high,low,9,"Spaceship, Inc.",28/12/2015 05:04,28/12/2026 05:04,26/09/2026 08:31
c43d6eb9-15a5-4dd1-af8a-8f02c733f06e,credible.org,resell,,,high,low,8,Dynadot Inc,02/10/2004 18:50,02/10/2027 18:50,26/09/2026 05:19
9e92554b-d287-4f43-b853-258748e13fda,chickeny.org,available,,,high,high,8,,,,
089774f0-917b-43bd-aed0-7b4ec7627ea1,traduce.org,resell,,,medium,low,7,"Spaceship, Inc.",26/08/2020 12:18,26/08/2027 12:18,26/09/2026 09:43
e5757d52-6d57-439e-8a09-3d851c14875f,overorder.org,available,,,high,high,9,,,,
7d925836-63d8-411e-b0cd-83057e8316c6,mythologically.org,available,,,high,high,14,,,,
612141ce-e059-40b5-97fc-0959ac63e1f7,discharge.org,resell,,,high,low,9,Dynadot Inc,25/07/2019 14:30,25/07/2027 14:30,26/09/2026 05:35
bb94d72f-56bf-4148-b16b-033264baabb4,unflinchingly.org,available,,,high,high,13,,,,
881a1918-91ef-44b9-a101-315d3ec3b6bb,bane.org,resell,,,medium,low,4,"Spaceship, Inc.",06/03/2000 15:43,06/03/2027 15:43,26/09/2026 04:14
9ef6e75f-0c31-4cfe-8e52-139d81a969aa,rainy.org,resell,,,high,medium,5,"GoDaddy.com, LLC",20/08/2004 18:56,20/08/2027 18:56,26/09/2026 08:29
7313b4b2-2f66-46f3-b547-27374cd7ee84,ntacms.org,available,,,high,high,6,,,,
ade9faac-e768-419b-b889-46f3d84bb95f,pieces.org,resell,,,high,low,6,Porkbun LLC,02/07/2001 10:35,02/07/2028 10:35,26/09/2026 08:09
e7b5498b-67b5-4cf8-94cc-bd1bb7665786,phenom.org,resell,,,high,high,6,Dynadot Inc,10/08/2005 19:01,10/08/2027 19:01,26/09/2026 08:08
7919a7cc-4ba4-458d-92c1-e0ba02e7280d,whatcha.org,available,,,high,low,7,,,,
8b32625f-0f13-4fdf-93a2-e4473887d13b,contending.org,available,,,high,low,10,,,,
d24b9e8e-b547-4f60-b276-3c177ba3dc4d,intron.org,resell,,,high,high,6,Dynadot Inc,17/08/2019 07:55,17/08/2027 07:55,26/09/2026 06:56
f1346ba2-d15f-4dd3-abd1-a901e4961fa6,ambiguity.org,resell,,,high,low,9,"Network Solutions, LLC",03/08/1999 22:25,03/08/2027 22:25,26/09/2026 03:50
c3b34023-fe69-4344-b454-58cc339ec0b7,labradorian.org,available,,,high,high,11,,,,
0e56919e-905e-4a66-a536-2cbbe51e89e9,parachuted.org,available,,,medium,low,10,,,,
de5f7e70-285e-49e6-946a-0de6a58f0c7e,vulturous.org,available,7.98,18.98,high,medium,9,namecheap,,,09/09/2026 10:25
77f28cb2-4e1b-47d9-bc90-c6220b8c705a,intermarrying.org,available,,,high,high,13,,,,
30e7de5b-92d7-46f5-b6cb-1af9a224131c,abwatt.org,available,14.99,14.99,medium,low,6,namesilo,,,16/09/2026 19:39
1fc0473a-d2d9-4168-824a-0f9e10d8a956,troughs.org,available,,,medium,low,7,,,,
d0b34acd-ad90-4d17-ad9d-6ee1c27eaa1f,infield.org,resell,,,high,low,7,Dynadot Inc,08/07/2002 13:55,08/07/2027 14:01,26/09/2026 06:51
0b65ca84-3f38-41dd-9cdc-8fe40fdc2773,acarpous.org,available,8.48,18.98,medium,low,8,namecheap,,,
9a1da938-9272-4f17-96be-3e3305c12096,resin.org,resell,,,high,high,5,"Spaceship, Inc.",17/06/2002 17:56,17/06/2027 17:56,26/09/2026 08:37
0da3f1da-0bfd-40d8-a6c5-a1b44f6b93a7,pharisee.org,available,,,high,high,8,,,,
3a4531f6-6807-4ce0-afe9-6f31937d096a,moneybags.org,resell,,,high,medium,9,Dynadot Inc,17/08/2009 14:31,17/08/2027 14:31,26/09/2026 07:37
12dd9796-8caa-44e0-a578-7242ac43109d,haleness.org,available,,,high,high,8,,,,
90961f41-07f5-417b-8e01-d3befb48e2c9,wheresoever.org,available,,,high,high,11,,,,
72a09e97-d895-4efe-ad5c-e2a548a70d3f,unnoted.org,available,7.98,18.98,medium,low,7,namecheap,,,04/09/2026 21:08
8ce1fac8-cdfb-4a72-8936-8ef13ada58af,rowans.org,resell,,,high,medium,6,Dynadot Inc,02/04/2026 18:00,02/04/2027 18:00,26/09/2026 08:45
d7c4befb-76cf-45c1-821c-24952cd25855,radicalness.org,available,,,high,low,11,,,,
3cbee5ca-17ac-4cdc-b17b-20f18ad9ff8f,abbotcy.org,available,7.49,21.99,high,high,7,name.com,,,
37c0e6dc-5039-4053-b067-78088af318c7,mithraist.org,available,,,high,high,9,,,,
0aa2f294-1e3f-4a4e-a086-ef7745b7cd8c,guanabara.org,available,,,high,high,9,,,,
ec0a2614-80ed-425f-b6ad-3d3810c86d43,multibillions.org,available,,,high,high,13,,,,
9715c951-bd96-413e-8943-13866afbbab1,beigeocracy.org,available,,,medium,low,11,,,,
5d998340-3d0d-4b16-b8b6-1c2382824166,chambermaid.org,resell,,,high,medium,11,"GoDaddy.com, LLC",22/01/2011 04:03,22/01/2027 04:03,26/09/2026 04:51
af756cf3-9260-4043-9c56-d82cad6b12c8,inseminate.org,available,14.99,14.99,high,high,10,namesilo,,,25/09/2026 11:08
8afb0f1a-4cd9-4ba2-8758-620db8f63778,blume.org,resell,,,high,medium,5,Atom.com Domains LLC,12/10/1999 18:08,12/10/2028 18:08,26/09/2026 04:30
bcc7de27-164d-41cc-ab9a-0dead1a1c2fe,temperamentally.org,available,,,high,high,15,,,,
161ff843-6160-46e1-863e-b67caec234f7,dominantly.org,available,,,high,high,10,,,,
ba47b89f-60f2-447f-9304-a01d9047b2d8,abjurer.org,available,14.99,14.99,medium,low,7,namesilo,,,16/09/2026 16:02
272b44a3-535a-446d-bafa-581f07768255,ecommercial.org,available,,,high,low,12,,,,
d889be19-3d3d-4fe6-872c-d53e20f9536d,horsefish.org,available,8.48,18.98,medium,low,9,namecheap,,,20/09/2026 21:39
87a9e356-a2a1-4a37-bf7b-0591168d4771,broh.org,premium,,,high,high,4,Annulet LLC,27/10/2015 14:25,27/10/2025 14:25,
294b0b1b-3c39-4b4b-a31b-aaa572232a70,ostracize.org,available,8.48,18.98,medium,low,9,namecheap,,,24/09/2026 01:58
998e9453-28e3-4e52-b024-0e50514dc5f5,trunkmaking.org,available,,,medium,low,11,,,,
ab1ca43c-4e69-48d6-8a9b-b65093c4e1da,ataturkism.org,available,,,high,high,10,,,,
d1dda24c-e0e4-4947-a3ca-b91971e54b49,chaperoning.org,available,,,high,low,11,,,,
30c796ab-e3b1-4dce-8444-433409310272,affricative.org,available,,,high,high,11,,,,
17b20333-685c-4786-b882-3af67fdc1488,comicsverse.org,available,,,high,high,11,,,,
ff7538e3-36ad-40ea-9bd2-e8d2b3514f82,jamie.org,resell,,,high,low,5,Porkbun LLC,08/07/1998 04:00,07/07/2027 04:00,26/09/2026 06:59
527ed061-fe00-4100-892e-191f1a0b6a67,pasteurize.org,available,,,high,high,10,,,,
b776ea3d-1504-4821-abb2-5a2a3d6da95b,tapes.org,resell,,,medium,low,5,Tucows Domains Inc.,09/12/1999 19:31,09/12/2026 19:31,26/09/2026 09:30
2bee459d-e260-4696-ab91-e479336543a3,dessertspoons.org,available,,,medium,low,13,,,,
28d36917-dd26-48df-ba7a-86670e9f4e63,fluttered.org,available,,,high,high,9,,,,
f73060ad-8aab-4e8a-b577-175480a1ca69,duckling.org,resell,,,high,low,8,"NameSilo, LLC",23/06/2017 14:30,23/06/2027 14:30,26/09/2026 05:42
5e22ba60-4b46-4f0b-91d1-2fc5fbfca1b6,certainly.org,resell,,,high,low,9,Dynadot1 LLC,27/12/2018 14:30,27/12/2026 14:30,26/09/2026 04:50
dcc35c89-f094-47d9-975e-69ce62d1e88e,ambulances.org,resell,,,medium,low,10,"Spaceship, Inc.",17/03/2018 14:30,17/03/2027 14:30,26/09/2026 03:50
6d8671a8-b97a-4a3e-8ebd-0b0090f8fd94,longbowman.org,available,,,high,high,10,,,,
11e8d088-c511-4ceb-a7aa-12c4d576171c,camphorate.org,available,,,high,high,10,,,,
e314ac2d-d4d5-45f2-bd39-ef063acf8c55,slothful.org,available,8.48,18.98,medium,low,8,namecheap,,,17/08/2026 20:58
3d960428-7502-41c3-bf72-e3227b23de65,creams.org,resell,9200,21.99,high,low,6,Tucows Domains Inc.,01/02/2000 01:32,01/02/2027 01:32,26/09/2026 05:19
23af35b2-df3a-408f-92dc-e6348d2742b6,weedkiller.org,resell,,,high,low,11,"GoDaddy.com, LLC",07/07/2022 04:47,07/07/2027 04:47,26/09/2026 10:06
84cf78f1-eb74-4654-bae6-43f34715c7d6,ballotless.org,available,,,medium,low,10,,,,
87f9dbe9-f666-41f7-b418-89af713c186c,codec.org,resell,,,high,high,5,Porkbun LLC,28/06/2001 10:46,28/06/2028 10:46,26/09/2026 05:04
2d6b1466-bbb5-47ab-b176-c28831ff8e98,sinocentric.org,available,,,high,high,11,,,,
843cd8b2-505c-4a42-a6a4-fb16331d917c,bettor.org,resell,,,high,low,6,"GoDaddy.com, LLC",21/03/2015 14:30,21/03/2027 14:30,26/09/2026 04:23
239e794c-22c4-4a76-a3ab-ddc755b7a6f3,surtitles.org,available,,,medium,low,9,,,,
06839449-a5f6-4aa0-bb00-2dfe34419599,potency.org,resell,,,high,medium,7,"eNom, LLC",10/03/1999 05:00,10/03/2027 05:00,26/09/2026 08:16
eac898e2-c416-4bd1-987b-649ee23ba8f2,masquerading.org,available,,,high,high,12,,,,
4ad15ff8-bcff-436b-82c1-1d6e1f65418e,appetency.org,available,14.99,14.99,medium,low,9,namesilo,,,19/09/2026 20:43
cfc09146-8563-4c5d-b140-70bd60b9bb1d,angling.org,resell,,,high,low,7,Dynadot Inc,25/12/2016 14:30,25/12/2026 14:30,26/09/2026 03:52
7f56c242-1357-4ea4-8dcb-5574862b4c8b,sublicenses.org,available,,,low,low,11,,,,
111dbc84-8b58-48e6-9dd4-aa4698963295,technopolises.org,available,,,medium,low,13,,,,
274c1d91-1ecd-4c88-97c0-059e16fa82c1,cocker.org,resell,,,high,low,6,"GoDaddy.com, LLC",28/03/2018 15:19,28/03/2027 15:19,26/09/2026 05:04
5696daa7-21af-4a90-a5c3-a33bef3dcad7,clam.org,resell,,,high,low,4,Porkbun LLC,28/06/2001 11:01,28/06/2028 11:01,26/09/2026 04:57
05d8e8c7-a365-42ee-8c0d-f6a97d19a88e,stepwise.org,resell,,,high,low,8,"GoDaddy.com, LLC",23/04/2017 14:30,23/04/2028 14:30,26/09/2026 09:18
58e2da72-fb11-4e19-9fad-ee4f016e8e23,chemotherapeutic.org,available,,,high,high,16,,,,
666afae9-a2bf-47e3-82ac-8bc16541f744,amoxil.org,available,14.99,14.99,medium,low,6,namesilo,,,18/09/2026 22:54
693df60b-dad1-4601-ba5b-7387be9f7c17,acceleratedly.org,available,,,high,high,13,,,,
368b621e-111b-4b46-97e1-7ecd23a83dc8,vapourish.org,available,7.98,18.98,medium,low,9,namecheap,,,13/09/2026 01:13
9bbe13cc-69d1-4095-b998-4f497b9230e3,taptastic.org,available,,,high,high,9,,,,
912398ad-173c-494d-993c-e4b656140e69,eserine.org,available,,,high,high,7,,,,
394b8707-f6cb-4128-a002-9aa3b1069705,shaikdom.org,available,,,high,high,8,,,,
e2dba0f4-fba2-4908-bff7-81c49a6b9d0b,fruitshop.org,resell,,,high,high,10,Key-Systems GmbH,30/08/2000 08:13,30/08/2027 08:13,26/09/2026 06:16
bd0e89d7-7ccb-4f1e-af83-a9f1fbf72d7a,currantlike.org,available,,,high,high,11,,,,
60f4be36-fff3-45dd-8867-9691c6a91ecf,shopkeeping.org,available,,,high,high,11,,,,
2433e3bd-e2c2-41cf-b86a-d2b56f0ad806,striplight.org,available,,,low,low,11,,,,
bfc0a868-9c81-4d71-a603-f82a1b2290b2,contemporaneously.org,available,,,medium,low,17,,,,
781def5c-9db4-4014-be06-42e2172503f1,encino.org,resell,,,high,high,6,"GoDaddy.com, LLC",24/04/1999 23:39,24/04/2028 23:38,26/09/2026 05:50
bff57b9e-075a-4152-830c-97ab005141fb,isoclinic.org,available,8.48,18.98,medium,low,9,namecheap,,,22/08/2026 11:02
b921fa98-b8c0-4cfd-8cb4-24ceaed6d5b6,argonlike.org,available,,,high,high,9,,,,
ac1fba6a-f91a-458c-b7e2-13450044d508,interjection.org,available,,,high,medium,12,,,,
d31676b7-0004-40de-817a-94ea25c8672a,elegise.org,available,,,high,high,7,,,,
6f3a43e6-669c-409d-841f-0be7c146f79b,blasphemy.org,resell,,,high,low,9,"GoDaddy.com, LLC",19/02/1999 05:00,19/02/2027 05:00,26/09/2026 04:28
22e204d2-f0d5-4bbc-8020-7d4e22361cf8,productiveness.org,available,,,high,low,14,,,,
7db9fe14-69d9-4ea5-931f-567db12f49f1,polysurgery.org,available,,,medium,low,11,,,,
8fa5102e-cd0d-4b1e-975c-9d3d34624485,communist.org,resell,,,high,low,9,"GoDaddy.com, LLC",04/01/1995 05:00,03/01/2027 05:00,26/09/2026 05:09
c382ba1c-3b9c-457c-aee7-fae14fd9271b,rheologic.org,available,,,medium,low,9,,,,
f4911b1a-591e-46a4-9b50-1649b27191a0,waive.org,premium,2947.04,19.99,high,low,5,Annulet LLC,24/11/2005 19:00,24/11/2026 19:00,18/08/2026 11:49
4e497525-354f-44b4-bf94-890ff3bd2b3a,dishonored.org,resell,,,medium,low,10,Dynadot Inc,24/04/2026 21:20,24/04/2027 21:20,26/09/2026 05:35
e1bf780e-3c67-4fd7-9939-c10de44a9181,coalescing.org,resell,,,high,low,10,Domainamania.com LLC,21/02/2019 14:30,21/02/2027 14:30,26/09/2026 05:04
608d9379-ccec-4e87-9854-54bc27c092d8,funded.org,resell,,,high,low,6,1API GmbH,26/09/2003 17:34,26/09/2028 17:34,26/09/2026 06:17
1d01f3e7-c703-4476-89c6-912c7c5e1f49,midadolescent.org,available,,,high,high,13,,,,
9a93571f-3e67-4eb1-8f79-dd76e6230d1f,acclaimers.org,available,,,medium,low,10,,,,
010c5432-b74c-48b5-b1f4-f13651b2663b,humoring.org,available,7.98,18.98,high,low,8,namecheap,,,05/09/2026 00:31
10259916-2ec0-41ee-9e01-9171c1c28c91,tilemaking.org,available,,,high,low,10,,,,
edebd42c-40da-47b2-8104-1d7c174d39d5,secondhand.org,resell,,,high,low,10,"GoDaddy.com, LLC",05/03/2001 11:34,05/03/2029 11:34,26/09/2026 08:53
8295c2f8-915b-419b-b579-d8c296b1d1f6,rightfully.org,resell,,,high,low,10,Dynadot Inc,02/03/2017 13:43,02/03/2027 13:43,26/09/2026 08:41
9885dace-8ff1-47a2-9997-e233c068cd85,transposed.org,resell,,,medium,low,10,DropCatch.com 1542 LLC,29/05/2026 15:15,29/05/2027 15:15,26/09/2026 09:44
0d5c2df7-272d-4342-80a6-f9c2eca5bb31,collaborates.org,available,,,high,low,12,,,,
985a98e2-abe8-45ea-a1ca-0cfc6b1fdfe1,apian.org,resell,,,medium,low,5,"Network Solutions, LLC",25/06/2018 14:30,25/06/2027 14:30,26/09/2026 03:55
2452469f-7d08-4a27-9162-31e3040eb81a,diskos.org,available,,,high,high,6,,,,
e54ddc72-3d04-46c6-b863-78a0d8300523,monocyte.org,available,,,high,high,8,,,,
e63c4f7e-c681-4343-8c69-ca4f714aa4c8,edgily.org,available,,,high,high,6,,,,
5ba28b91-1b16-4fe0-8299-30288a215c77,sheepherders.org,available,,,medium,low,12,,,,
f5cb948b-3f08-455f-a91a-e99f91c5d4b7,blooded.org,available,8.48,18.98,high,low,7,namecheap,,,10/08/2026 15:18
691992ae-4812-49f2-a2a5-5d0e1cfb0d01,caldicot.org,available,,,high,high,8,,,,
55a75fa9-079f-4f71-af4c-2d8330c7caeb,delimitate.org,available,,,high,high,10,,,,
f1de02bc-7d24-42e5-a32f-61964315b1f2,pimply.org,available,8.48,18.98,medium,low,6,namecheap,,,
a4d4a3de-69db-4b25-b9bc-9c3779bcd1c2,boiling.org,resell,,,high,low,7,Dynadot Inc,08/01/2023 15:15,08/01/2027 15:15,26/09/2026 04:31
3810bb68-6881-4b32-be91-21250978a104,eighth.org,resell,,,high,low,6,CommuniGal Communication Ltd.,24/06/2013 14:30,24/06/2027 14:30,26/09/2026 05:46
d423fc03-e19a-4d7e-ac6f-b86edab5aea5,highpriesthood.org,available,,,high,high,14,,,,
740dba2b-cd99-436a-868b-76df893b30cb,reeking.org,available,7.98,18.98,high,medium,7,namecheap,,,09/09/2026 12:32
fd22fd92-b3ff-477a-af80-9619d988781c,gunfighter.org,resell,,,high,high,10,"GoDaddy.com, LLC",10/12/2023 15:15,10/12/2027 15:15,26/09/2026 06:32
52f283b2-9c53-4945-9cf0-571ffb96c563,pedahey.org,available,,,low,low,7,,,,
830d92cd-1199-4a3d-a118-3acfc0ea0a31,washout.org,resell,,,medium,low,7,"GoDaddy.com, LLC",11/10/2021 12:36,11/10/2027 12:36,26/09/2026 10:04
8f16b123-9dd9-4625-8056-dd3b105718bb,contributions.org,resell,,,high,high,13,"GoDaddy.com, LLC",18/08/1998 04:00,17/08/2027 04:00,26/09/2026 05:14
21e8fb5a-c589-4209-b39d-c2cf32c41ffe,whittlesea.org,available,,,high,high,10,,,,
7d3f2f1b-5b8d-4cfe-9b8f-9ce942a5f042,assembled.org,premium,,,high,medium,9,"Azdomainz, LLC",22/02/2011 14:30,22/02/2026 14:30,
abd4f65f-edb1-4b6c-940e-c8ed26572fb3,whoosis.org,available,,,high,high,7,,,,
094fedd7-c156-454f-93f8-88a8bac46191,brigit.org,resell,,,high,high,6,"NameSilo, LLC",15/02/2021 15:27,15/02/2027 15:27,26/09/2026 04:37
331b8db8-40bd-4e9e-9ca9-2866cc067ffb,springingly.org,available,,,high,high,11,,,,
75977d09-a9c0-46d2-ac35-8fe07a19c1cb,amylaceous.org,available,8.48,18.98,medium,low,10,namecheap,,,
a1fcd485-25b4-4347-9f9a-6a3a1506ca23,colombian.org,resell,,,high,low,9,Dynadot Inc,02/12/2002 19:36,02/12/2026 19:36,26/09/2026 05:07
a90587fd-ad2a-4aa0-a16e-d2c586c40fa3,flavorless.org,resell,,,medium,low,10,Dynadot Inc,04/04/2026 22:11,04/04/2027 22:11,26/09/2026 06:07
4e2bd3e2-ecd3-4eb3-8b5d-2d3653512cbb,squatty.org,available,8.48,18.98,medium,low,7,namecheap,,,24/08/2026 10:38
181caeb2-fdc4-48cd-a1a5-473b3cc36dc7,tinseling.org,available,,,medium,low,9,,,,
d95139cb-b232-4d83-9907-4ec9047086a8,conviction.org,resell,,,high,low,10,Dynadot Inc,04/04/2001 10:43,04/04/2027 11:43,26/09/2026 05:14
cca27812-f765-4869-9c94-96f04566117e,disastrous.org,resell,,,medium,low,10,"Network Solutions, LLC",08/07/2013 15:16,08/07/2027 15:16,26/09/2026 05:35
fddc17c9-229e-46b0-b50d-639ca5ca1bb1,none.org,resell,,,high,low,4,"GoDaddy.com, LLC",19/03/2004 19:34,19/03/2027 19:34,26/09/2026 07:48
404514e2-b7f7-48a3-8f38-3fecdebe636c,boxerism.org,available,,,medium,low,8,,,,
b5429d66-3e97-4293-8126-8f89db90a8b6,suspenders.org,premium,,,high,low,10,Annulet LLC,07/09/2003 14:38,07/09/2025 14:38,
34d7ec49-9f23-4eb9-9594-fafe139f7158,bronzed.org,resell,,,high,low,7,"GoDaddy.com, LLC",16/11/2014 14:30,16/11/2026 14:30,26/09/2026 04:38
72a5f5bd-da83-41c8-92b5-ec9f65205fb4,adiaphoristic.org,available,,,high,high,13,,,,
d90d116e-07b2-4c96-88e6-3f2090817b30,categorisation.org,available,,,high,high,14,,,,
a36efe8f-2f0d-4afa-8291-5aae99114376,shamanist.org,available,7.98,18.98,medium,low,9,namecheap,,,10/09/2026 05:49
1791d1cc-e111-45e5-ac4b-fecddb939827,baccharis.org,available,14.99,14.99,high,low,9,namesilo,,,21/09/2026 14:00
3249e92d-9064-405a-9b35-db86111f0c59,juryman.org,available,,,high,high,7,,,,
547e26e7-37bf-40af-ab3a-89a4f6ae890c,ovular.org,available,7.98,18.98,high,low,6,namecheap,,,04/09/2026 22:12
919f3016-959c-4eae-9b02-a835004131e8,sauceboat.org,available,,,high,high,9,,,,
57c6d34b-15f6-43d9-a8f2-ac26aa43173a,kickboard.org,resell,,,high,high,9,"GoDaddy.com, LLC",07/03/2007 05:01,07/03/2027 05:01,26/09/2026 07:04
1195f669-8668-4d75-8165-4859335bd2a2,oxalis.org,resell,,,high,low,6,"GoDaddy.com, LLC",05/07/2019 13:47,05/07/2027 13:47,26/09/2026 07:59
c906a43e-93ba-4194-a880-cc8cd48475a6,ballad.org,resell,,,high,low,6,Atom.com Domains LLC,27/06/2004 19:02,27/06/2031 19:02,26/09/2026 04:14
c4c08329-8558-4cd9-8198-42c7413c99e8,rugose.org,available,7.98,18.98,high,medium,6,namecheap,,,09/09/2026 19:20
839d5319-98f0-4751-8317-2ebe7bd57829,redemptory.org,available,7.98,18.98,high,medium,10,namecheap,,,09/09/2026 12:20
c4c91197-96eb-49c2-b18f-b43c2e2a409f,widebodied.org,available,,,high,high,11,,,,
dc52070e-0a16-4b98-bf8e-f334f3c27ef3,hairdo.org,resell,,,high,high,6,"GoDaddy.com, LLC",16/04/2000 07:46,16/04/2027 07:46,26/09/2026 06:32
f8965225-9588-4203-892f-322dce656e3d,aboveboard.org,resell,,,high,low,10,"GoDaddy.com, LLC",02/05/2009 01:30,02/05/2027 01:30,26/09/2026 01:19
f42cef4c-049d-4266-ba1f-3438b6921fd0,fitly.org,resell,,,medium,low,5,"GoDaddy.com, LLC",17/10/2022 13:15,17/10/2027 13:15,26/09/2026 06:06
f47aa01f-b919-4bcf-871d-b25f8bec2cd3,midthorax.org,available,,,medium,low,9,,,,
73ee60d1-ba0b-4e25-8648-a476f61e19e9,leafcutters.org,available,,,medium,low,11,,,,
29bdaf20-e693-43dc-a95f-78d3be8ef513,pulverized.org,available,8.48,18.98,medium,low,10,namecheap,,,18/08/2026 04:41
b5290999-ff22-48f9-9f9b-02e6ebc4f9ac,lillie.org,resell,,,high,low,6,Dynadot Inc,16/05/2002 23:23,16/05/2028 23:23,26/09/2026 07:14
52bf23a4-1000-48b7-8e23-83362c3e1984,polaroid.org,resell,,,high,high,8,"TurnCommerce, Inc. DBA NameBright.com",13/07/2022 13:15,13/07/2027 13:15,26/09/2026 08:14
b5a48f3a-efbd-4062-a412-37675b0e8613,zweikanter.org,available,,,high,high,10,,,,
c8f20e6e-54d7-4aeb-a656-f7fba692ed44,maclike.org,available,,,medium,low,8,,,,
edc701d2-17b2-4164-b4dc-6f8cb3716be4,breeds.org,resell,,,medium,low,6,Dynadot Inc,21/04/2008 14:30,21/04/2028 14:30,26/09/2026 04:36
40e69f69-198a-4161-8831-7038ed20e217,waiver.org,resell,,,high,high,6,"GoDaddy.com, LLC",24/03/2003 01:34,24/03/2027 01:34,26/09/2026 10:02
e5b98d54-bd4d-4863-bcae-01451db46507,rented.org,resell,,,high,low,6,"GoDaddy.com, LLC",19/08/2006 18:50,19/08/2027 18:50,26/09/2026 08:36
c6c0148a-b9b4-4b38-920e-d5fdaa21d43e,ciabattas.org,available,,,medium,low,9,,,,
7f1d0cab-5e93-40be-bc8b-5fbf9507db33,purau.org,available,14.99,14.99,medium,low,5,namesilo,,,21/09/2026 22:02
90ccf010-ab1d-44ed-942f-0e1d4d8b78d2,normolineal.org,available,,,high,high,11,,,,
9d8e040f-e786-4753-9088-f87b75fab8d4,alberta.org,resell,,,high,low,7,"GoDaddy.com, LLC",02/12/2002 05:21,02/12/2030 05:21,26/09/2026 01:28
aa8928ab-5c68-44a7-8e34-f2004025e048,harefoot.org,available,,,high,high,8,,,,
7a2e9560-21c4-4927-b19d-32543bce6620,outfitted.org,resell,,,high,low,9,"GoDaddy.com, LLC",22/09/2020 13:19,22/09/2027 13:19,26/09/2026 07:57
a18e29dd-de24-4d07-bb71-9a94e0a005dc,bullscutter.org,available,,,high,high,11,,,,
fa3b8944-fe41-4b6f-91e4-b85006fba4db,oafish.org,available,8.48,18.98,medium,low,6,namecheap,,,10/08/2026 19:32
ca157f80-b1fc-465f-8b4d-aa28b0bc8bd0,summonable.org,available,,,high,high,10,,,,
f60c6392-7eea-443d-bd4e-982303dbda80,mythicality.org,available,,,high,low,11,,,,
76250ae9-e26c-43c5-be4a-6f355014001a,freewheeling.org,resell,,,high,high,12,"GoDaddy.com, LLC",21/06/2009 14:39,21/06/2029 14:39,26/09/2026 06:15
fec2d9bb-8074-4c9a-bc54-2df0d569ec11,transmitt.org,available,,,high,high,9,,,,
5bf487a5-38f5-4acb-b213-12c02ab033d8,opposed.org,resell,,,high,low,7,"GoDaddy.com, LLC",02/01/2005 17:54,02/01/2027 17:54,26/09/2026 07:55
268c9f2d-1749-4bc9-93ac-24603502fad0,guards.org,resell,,,high,low,6,"Network Solutions, LLC",21/02/2003 14:22,21/02/2027 14:22,26/09/2026 06:31
ef929b46-9468-4757-a664-ce8183c3881c,authorship.org,resell,,,high,low,10,"GoDaddy.com, LLC",22/01/2024 15:15,22/01/2028 15:15,26/09/2026 04:09
f3011893-ca58-4d37-b937-f22d762eb0ab,lyrics.org,resell,,,high,low,6,"GoDaddy.com, LLC",02/06/1998 04:00,01/06/2028 04:00,26/09/2026 07:21
a13ca5d6-2a04-451a-bd4a-0620d6ee8b97,whangaehu.org,available,,,high,high,9,,,,
a09fff64-c736-4b2b-a01f-b120a9db9270,playlot.org,available,,,high,high,7,,,,
e57cf210-0240-4959-bd78-6b1ac90d7e9e,gymnastics.org,resell,,,high,high,10,"GoDaddy.com, LLC",24/04/2002 18:14,24/04/2027 18:14,26/09/2026 06:32
2726174a-7446-4f46-86a0-05dbb71f4b72,flack.org,resell,,,high,low,5,"Spaceship, Inc.",22/02/2001 11:42,22/02/2027 11:42,26/09/2026 06:07
4d77d9f9-fead-45f1-82e4-052660cb213d,masisi.org,available,,,high,high,6,,,,
3686c814-9d02-4040-8a1a-371a9fbfe3cb,tegular.org,available,7.98,18.98,medium,low,7,namecheap,,,11/09/2026 10:16
efe35adb-167c-4fb1-9e37-abf474ca94f7,wontcha.org,available,,,high,high,7,,,,
ff9128fd-968a-4d69-b05e-c2d48a3e16e3,vanzetti.org,available,14.99,14.99,high,low,8,namesilo,,,22/09/2026 09:26
17b5e099-0338-470f-9a22-c10829908086,quietening.org,available,,,high,high,10,,,,
0cda6c88-f237-4304-82ce-241c4874ef51,falsifiable.org,resell,,,high,high,11,"Amazon Registrar, Inc.",02/03/2011 18:19,02/03/2027 18:19,26/09/2026 06:00
ba07cbc1-e93a-4735-9fe0-7829d9931a11,patrician.org,resell,,,high,low,9,"GoDaddy.com, LLC",17/12/2001 18:04,17/12/2026 18:04,26/09/2026 08:03
496cd054-e703-4806-9b24-f5938a962f2d,televise.org,resell,,,high,high,8,1API GmbH,05/12/2004 09:37,05/12/2026 09:37,26/09/2026 09:33
fb7038f5-0677-4947-81ac-9567db845806,devisor.org,available,,,high,high,7,,,,
ea4d04ed-1191-430d-942d-2b60c65dc242,provoke.org,resell,,,high,low,7,Dynadot Inc,20/07/2004 19:04,20/07/2027 19:04,26/09/2026 08:24
4a136810-9516-4cf7-af5b-603b0de387ad,robotized.org,available,,,high,high,9,,,,
98f786c1-70ce-41e4-b081-466ec808aad9,stuffs.org,resell,,,high,medium,6,"DomainPeople, Inc.",17/02/2004 22:40,17/02/2028 22:40,26/09/2026 09:22
232d9b9f-e4bf-4491-a95e-7d7a80e7e327,handrails.org,premium,,,medium,low,9,"Network Solutions, LLC",12/12/2011 14:30,12/12/2025 14:30,
9ea0dce7-600c-4cf7-b77f-6226ba1051a1,chew.org,resell,,,high,low,4,"OnlineNIC, Inc.",07/12/1999 06:11,07/12/2026 06:11,26/09/2026 04:54
710bfb7b-9bc9-4a65-a604-b8898c269eb9,ferroboat.org,available,,,high,high,9,,,,
302ca932-3abd-4026-b233-360b5b9122d1,tolu.org,resell,,,high,low,4,"Spaceship, Inc.",22/02/2023 15:15,22/02/2027 15:15,26/09/2026 09:40
a6603107-a66a-4a4f-b765-596df0d419b8,initial.org,resell,,,high,low,7,Dynadot Inc,11/11/2005 19:06,11/11/2028 19:06,26/09/2026 06:52
b2ff076d-d131-4e98-821d-cca2a6c671cd,shotmaking.org,available,,,high,low,10,,,,
5124a76d-dec2-49cf-9bc9-83cc76d6147d,blemish.org,resell,,,high,low,7,Dynadot Inc,25/12/2016 14:31,25/12/2026 14:31,26/09/2026 04:29
ac122d86-5e33-4c08-9aed-cd9f3c7838b6,bluebottles.org,available,,,medium,low,11,,,,
23139a31-0b2a-4cc3-959a-e926d8daf4dc,predetermine.org,available,,,high,high,12,,,,
a837900c-0c58-4693-91b6-d6cb61919402,bonebract.org,available,,,high,high,9,,,,
679a01d7-e35e-433e-a2f3-2dda2e819222,sophistic.org,resell,,,medium,low,9,"GoDaddy.com, LLC",05/08/2020 23:54,05/08/2027 23:54,26/09/2026 09:09
8cfee937-681e-4598-ba36-3a4bfdc9a23d,conara.org,available,,,high,high,6,,,,
99d649d8-26bc-4217-b5ab-f8cbf17f6847,gripping.org,resell,,,high,low,8,"GoDaddy.com, LLC",06/01/2005 03:00,06/01/2027 03:00,26/09/2026 06:30
f3cfc852-0790-4b3c-bf11-cfff96df7a16,sterilizes.org,available,,,medium,low,10,,,,
5de1c10e-e67e-4bea-b80e-0410b5092332,informativeness.org,available,,,medium,low,15,,,,
212be5f6-0d51-4604-96d1-90283878e30b,lightskinned.org,available,,,high,high,13,,,,
a345226c-8728-4381-aa53-c11aa198cf24,punitory.org,available,7.98,18.98,high,medium,8,namecheap,,,09/09/2026 06:03
8697ef01-f6f5-4e7c-b483-00bd51efccbe,cumbre.org,resell,,,high,high,6,"Spaceship, Inc.",30/01/2024 15:15,30/01/2027 15:15,26/09/2026 05:22
0d518764-7e1b-45aa-a424-9c1e1386c717,flattens.org,available,,,medium,low,8,,,,
7079ce42-252d-434d-ae03-9752e57d84b2,bratty.org,resell,,,high,low,6,"NameCheap, Inc.",11/02/2025 02:47,11/02/2027 02:47,26/09/2026 04:36
7eec8ed7-669d-4263-930f-b48f2ee5f47b,reremouse.org,available,,,high,high,9,,,,
79aed0a8-239a-4b8b-b893-dbec8fe69a8e,hashtivism.org,available,,,high,low,10,,,,
5b252bed-37f8-4d8a-a2d6-f453d7ae3f36,cataloguers.org,available,14.99,14.99,medium,low,11,namesilo,,,26/09/2026 04:48
32c33426-9d6c-432f-a3c6-98d8b1a6f3e7,abietin.org,available,,,high,high,7,,,,
194ddc52-45de-4e5c-9ee7-e6ea981892f8,dissimilarly.org,available,,,high,high,12,,,,
502f39e9-aaee-4392-ba5b-e19f02ae9e5b,vascularized.org,available,,,medium,low,12,,,,
0a1aec36-7818-4d82-aeb0-17a804d1fe9f,alternaticity.org,available,,,low,low,13,,,,
e983b18b-80dd-48e0-bc04-d111afdf5d1c,sacagaweas.org,available,,,low,low,10,,,,
808ee1f4-1999-468c-bc9b-732f6ef854f7,singable.org,available,,,high,medium,8,,,,
dfa6ff34-4093-4300-80cd-b2a4e42951d2,smackless.org,available,,,high,high,9,,,,
de6d38dd-e14d-458a-b367-79f525e31c35,snipelike.org,available,,,high,high,9,,,,
2fb40a95-26ea-4396-9199-e644c03d67f0,endogamous.org,available,8.48,18.98,medium,low,10,namecheap,,,17/08/2026 01:10
568dc6fd-9b35-4900-bc24-5918a73c83f9,contrasts.org,resell,,,medium,low,9,"GoDaddy.com, LLC",27/06/2005 19:18,27/06/2027 19:18,26/09/2026 05:14
e36a5efe-59f3-4465-9cc1-a861fe2765a0,unbartered.org,available,,,high,high,10,,,,
965e584c-d759-4f4c-8548-4421965698f7,eyelid.org,resell,,,high,high,6,"GoDaddy.com, LLC",08/03/2004 04:22,08/03/2027 04:22,26/09/2026 05:58
1c47dc24-cd9d-4a6e-a99e-95f8f7bf15b5,nurmes.org,available,,,high,high,6,,,,
f355f3f1-5aeb-4ad2-a075-df2067dc5231,leprous.org,available,8.48,18.98,medium,low,7,namecheap,,,23/08/2026 00:12
890ff3a3-3854-4bcf-a5e5-6bdfc8036d0c,ceiling.org,resell,,,high,low,7,"GoDaddy.com, LLC",16/01/2003 08:14,16/01/2032 08:14,26/09/2026 04:49
16ff1964-4257-4dd3-888f-9bbfdb520bf5,chiefest.org,available,,,medium,low,8,,,,
bfa8e97d-ca6b-4814-9bf5-75314b9c4f24,mosaicry.org,available,,,medium,low,8,,,,
08f8bc8c-4ab9-4503-a75b-37881812a615,selfevidently.org,available,,,high,high,14,,,,
4ac0f2a2-211a-4a12-9eff-71446ced5643,chipset.org,resell,,,high,high,7,Dynadot Inc,12/08/2019 14:30,12/08/2027 14:30,26/09/2026 04:55
53018eef-787a-4870-bead-f1994f067755,doorknoblike.org,available,,,high,high,12,,,,
20403069-bcbc-4505-bcb8-fe0957d51cc8,putrescent.org,available,7.98,18.98,high,medium,10,namecheap,,,09/09/2026 06:42
e862f626-273e-490b-adb4-4fdaee297f55,whateverville.org,available,,,high,high,13,,,,
91f8c817-8d52-4c27-bf96-5854128ffc32,hieratic.org,available,8.48,18.98,medium,low,8,namecheap,,,21/08/2026 08:24
c5474585-3846-4c0d-94bb-4bb295609c14,appearance.org,resell,,,high,low,10,"GoDaddy.com, LLC",07/05/2003 22:03,07/05/2032 22:03,26/09/2026 03:56
3bfa9d57-737a-4448-b2df-222d3fb49218,herd.org,resell,,,high,low,4,"GoDaddy.com, LLC",19/03/1996 05:00,20/03/2027 05:00,26/09/2026 06:38
e650a051-79a6-4b95-807d-db057e2248da,tiktokky.org,available,,,high,high,8,,,,
3e6a96d3-6c58-4cdc-b153-d7ed6c5bd2a5,goldwyn.org,resell,,,high,high,7,"GoDaddy.com, LLC",07/07/2016 14:35,07/07/2027 14:35,26/09/2026 06:26
582c028a-5550-4fc6-ba89-c3f1137b35f3,littoral.org,resell,,,high,low,8,"Spaceship, Inc.",03/12/2021 14:30,03/12/2026 14:30,26/09/2026 07:16
3dd83940-5a01-4f33-a4b7-66a6c7b7b4b3,sorelian.org,available,,,high,high,8,,,,
dbcc0d77-51e0-4d84-addd-9513408f8916,industrializing.org,available,,,high,medium,15,,,,
0e7df28d-8888-4c52-aaaf-ece9d8e46931,lubricate.org,resell,,,high,high,9,"Sav.com, LLC",15/06/2014 14:30,15/06/2027 14:30,26/09/2026 07:20
9fcfc5d2-540c-4349-b300-b99026cfd2a8,gamifying.org,available,14.99,14.99,medium,low,9,namesilo,,,26/09/2026 06:19
70f47925-61df-4b4f-896c-a50a69388b8e,pipelike.org,available,,,high,high,8,,,,
f5d48e7d-aeaf-4087-b605-72961feed364,neglect.org,resell,,,high,low,7,Dynadot Inc,04/05/2000 02:48,04/05/2028 02:48,26/09/2026 07:44
058df3b0-6877-469f-8a1f-39b729cb3ff4,norma.org,resell,,,high,high,5,"GoDaddy.com, LLC",01/05/2000 11:51,01/05/2027 11:51,26/09/2026 07:48
545ba52b-f1a7-41c0-8e33-8efa3760d874,irridescent.org,available,,,medium,low,11,,,,
aa782ff4-761a-4f45-a79c-7dff0883696d,fruitgrowing.org,available,,,high,medium,13,,,,
a79e7636-b6a1-44d4-883d-2e83c3c12a3a,cultural.org,resell,,,high,low,8,"Network Solutions, LLC",03/02/1995 05:00,04/02/2027 05:00,26/09/2026 05:22
b3561ba4-fc1d-49bf-af33-0a5933b8e821,semiregular.org,available,,,high,high,12,,,,
8846fd27-881a-43ed-81c9-21ec7005a41f,shelling.org,available,8.48,18.98,medium,low,8,namecheap,,,22/09/2026 08:00
52164348-e1a6-464d-a722-9b3a88bb28f7,rebellion.org,resell,,,high,low,9,"GoDaddy.com, LLC",26/04/2000 11:35,26/04/2034 11:35,26/09/2026 08:31
10672fe6-75df-43eb-8e7d-4018f57eb56e,fancied.org,available,8.48,18.98,high,low,7,namecheap,,,17/08/2026 20:17
2215ed58-3d5a-414e-b41c-9b24488d7919,draftswoman.org,available,,,medium,low,11,,,,
0e9857b4-7058-477b-b92c-94ce0b095879,southhampton.org,resell,,,high,high,13,"GoDaddy.com, LLC",23/05/2020 14:30,23/05/2027 14:30,26/09/2026 09:10
4e0ad97d-90ae-44a7-9d27-abda6109dc8f,ragmuffin.org,available,,,high,high,9,,,,
6a82b886-eb72-4512-9da0-388762eccbe2,contemplates.org,available,,,medium,low,12,,,,
68cbcc86-da39-40ab-bf03-f59dabe5dc0e,condylic.org,available,,,medium,low,8,,,,
ad81901d-f2eb-4686-8944-1bfe7fcf6d4f,spotty.org,resell,,,high,low,6,"Sav.com, LLC - 34",04/12/2024 15:15,04/12/2026 15:15,26/09/2026 09:14
f27ea6c3-0c0d-4b59-bb43-e340c4e74f12,frenchness.org,available,,,high,low,10,,,,
a3f9ea74-acf8-439b-9e9e-d26911576426,serrated.org,available,7.98,18.98,medium,low,8,namecheap,,,03/09/2026 22:08
21dfcd6f-9197-4e3a-8e2d-1d5dab00122a,senegalese.org,available,,,high,low,10,,,,
f5d93a72-91f4-499a-95e9-87e7f03d39e4,seedful.org,available,,,high,high,7,,,,
5eb4bc9b-85c8-469a-8bc3-14e473ff39dc,trisha.org,resell,,,high,high,6,Dynadot Inc,23/03/2000 23:39,23/03/2027 23:39,26/09/2026 09:46
1d802c4d-14c7-413a-8961-5ae459b60388,butt.org,resell,,,medium,low,4,"Wild West Domains, LLC",29/07/1997 04:00,28/07/2027 04:00,26/09/2026 04:41
c75f3ec4-29c7-46d9-9039-ef4998d2c4ad,grumbling.org,available,8.48,18.98,high,low,9,namecheap,,,20/08/2026 20:33
58bc0690-33a1-4091-a1c1-256f9494f664,timekeeper.org,resell,,,high,high,10,"GoDaddy.com, LLC",20/11/1998 05:00,19/11/2026 05:00,26/09/2026 09:38
e72026ff-46c1-4043-af1b-7ba2b7b7f435,bakeshops.org,available,,,medium,low,9,,,,
6f4e03b4-9f9f-4b2e-80ba-f9e834e1e95b,potassiumlike.org,available,,,high,high,13,,,,
e037bba9-475d-4111-bfce-73574958368f,olfactorily.org,available,,,medium,low,11,,,,
1ec0c94e-9b0e-40d8-a37b-07f7b5da1fe4,gluey.org,available,8.48,18.98,high,low,5,namecheap,,,20/08/2026 15:16
fa984ac3-9c41-448d-ab98-2f119970ccb9,forepart.org,available,8.48,18.98,medium,low,8,namecheap,,,18/08/2026 16:13
204ca89d-c3c9-43c5-9b29-a818c627d14e,courseware.org,resell,,,high,high,10,"Name.com, Inc.",19/04/2005 19:27,19/04/2027 19:27,26/09/2026 05:17
1b9da87e-02e2-4aab-a4b1-14dd84323acd,launched.org,resell,,,high,low,8,Atom.com Domains LLC,02/08/2002 13:33,02/08/2027 13:33,26/09/2026 07:09
8b26539c-e1ad-48d4-928c-8068d88907e6,laughead.org,available,,,high,high,8,,,,
67c656d2-4b20-415b-b734-cc2ab6e7c393,interpret.org,premium,15398.5,,high,low,9,GoDaddy Online Services Cayman Islands Ltd.,07/04/2002 18:10,07/04/2027 18:10,
0404fbc2-fc5a-481a-aadb-606de29c9ccd,unspecialized.org,available,,,high,high,13,,,,
85f575f5-2812-4f94-8b6b-ae6ed0e0c033,biathlons.org,available,,,medium,low,9,,,,
925fb365-fcad-40f7-ac84-7a289901ecff,prophetically.org,available,,,high,high,13,,,,
57715f67-432f-40fe-94f1-7551da15740e,pompadours.org,available,,,medium,low,10,,,,
bfb97830-df29-4841-9fa8-bc8945f746ea,larboard.org,available,8.48,18.98,medium,low,8,namecheap,,,22/08/2026 19:51
ef839740-5856-40e9-bf83-25000f7f47cd,treeless.org,available,7.98,18.98,medium,low,8,namecheap,,,11/09/2026 19:10
1fdd3a0a-abe6-49b0-a93f-f0f9349223f4,snipped.org,resell,,,high,medium,7,"GoDaddy.com, LLC",21/06/2007 13:39,21/06/2027 13:39,26/09/2026 09:07
250ab600-a658-43d3-b342-a5798114fed1,counteractivity.org,available,,,high,high,15,,,,
dcfc918f-5197-4211-8ec1-d4e955b3e4c2,replica.org,resell,,,high,high,7,Porkbun LLC,30/06/2001 10:46,30/06/2028 10:46,26/09/2026 08:36
549e826a-9993-4d61-a457-ae00aadba0a8,endearments.org,available,,,high,high,11,,,,
52b21ce2-0e66-4c76-b504-7660382aa2b1,sorting.org,resell,,,high,high,7,"GoDaddy.com, LLC",05/08/2018 14:30,05/08/2027 14:30,26/09/2026 09:09
5a914821-aef6-4a40-b1c7-bd4f31b6ca53,squeaking.org,available,7.98,18.98,high,low,9,namecheap,,,10/09/2026 00:03
f73af9e4-c810-479f-82d1-8902095f5a21,mmpi.org,resell,,,high,high,4,"GoDaddy.com, LLC",04/07/2018 14:30,04/07/2028 14:30,26/09/2026 07:35
be731303-9ff1-4c19-9670-8cfd74f82ea3,basophil.org,available,14.99,14.99,medium,low,8,namesilo,,,22/09/2026 11:30
113a054e-b96d-451e-b447-8dc464912ed2,tangy.org,resell,,,high,low,5,"GoDaddy.com, LLC",30/07/2005 18:57,30/07/2027 18:57,26/09/2026 09:30
cc2da223-9334-4f44-9ec2-67ce8733c4c3,macaronic.org,available,8.48,18.98,medium,low,9,namecheap,,,24/08/2026 12:44
8fdd2dcd-0ab3-436e-9055-e6c205924e17,balmoral.org,resell,,,high,low,8,"GoDaddy.com, LLC",26/11/2019 18:18,26/11/2027 18:18,26/09/2026 04:14
55b8d38d-7dac-41d1-a68b-70bf16753ac2,centroids.org,available,,,medium,low,9,,,,
f0dc1f96-70f3-446b-a191-98074d1e2b21,pineapply.org,available,,,high,high,9,,,,
8849ee2d-071f-47fe-bf00-d36369581b0a,centrically.org,available,,,medium,low,11,,,,
09085105-c9e6-4655-8f8f-4691bab8f4ad,bereft.org,resell,,,medium,low,6,"TurnCommerce, Inc. DBA NameBright.com",09/05/2024 15:15,09/05/2027 15:15,26/09/2026 04:22
78873737-fd46-4955-ad52-ab7bce77f3eb,nonaddicting.org,available,,,medium,low,13,,,,
85052774-7f22-4975-9153-6b49a2cbd987,rein.org,resell,,,high,low,4,"NameSilo, LLC",09/07/1998 04:00,08/07/2027 04:00,26/09/2026 08:34
cf79e275-d7d8-4e68-a619-d9433e86b2ae,curiously.org,resell,,,high,low,9,"Network Solutions, LLC",12/11/2016 14:30,12/11/2026 14:30,26/09/2026 05:22
88192913-d6f2-42ae-a1b5-efe6ebf8ad2c,describable.org,available,,,high,high,11,,,,
bbbbf634-6fe9-4349-b2c9-77520be01355,accumulation.org,resell,,,high,high,12,IONOS SE,08/01/2006 09:46,08/01/2027 09:46,26/09/2026 01:20
5c3dca5a-fd9e-4e71-855b-00801ab75e05,butylacetate.org,available,,,high,high,12,,,,
313ae978-0992-4e3e-845d-4b39c145aa5f,busmen.org,available,,,medium,low,6,,,,
29d32b40-84c5-42c5-8aab-b5151c7a5101,brushy.org,resell,,,medium,low,6,Dynadot Inc,19/05/2026 16:10,19/05/2027 16:10,26/09/2026 04:38
b921979c-bddd-4fb9-b167-d5fbd644cefb,hydrosulphite.org,available,,,high,high,13,,,,
faa142c1-cf9b-4514-99f5-4aa3676d8697,mothafucka.org,available,8.99,,medium,low,10,name.com,,,
6edf6306-27a0-4aa7-b5a6-27c04004d5ef,aciform.org,available,,,medium,low,7,,,,
c97d9484-0796-47bd-bbdd-d4f95c13fed2,baneful.org,available,8.48,18.98,medium,low,7,namecheap,,,08/08/2026 09:44
4f67531d-71a6-4d0a-819c-bb0a26148428,hymnological.org,available,,,high,low,12,,,,
26c560e9-69b4-4569-9558-b7168138569f,biovar.org,available,,,high,high,6,,,,
58929cd4-8782-40fa-9490-1c12e884afae,epoch.org,resell,,,high,high,5,"GoDaddy.com, LLC",15/07/2003 14:41,15/07/2027 14:41,26/09/2026 05:52
f69967d2-28a7-43aa-abc8-806c9a95a5c5,christmasy.org,available,,,high,high,10,,,,
a6071e40-2c1e-409d-9057-ff1a4bcd9e15,acidless.org,available,,,high,high,8,,,,
26a5b13e-de21-4951-a646-59e390711892,boxered.org,available,,,medium,low,7,,,,
64ff6a4f-68ad-4312-8cd2-a5d10d62d2f7,articulation.org,resell,,,high,high,12,"GoDaddy.com, LLC",15/02/2002 15:15,15/02/2027 15:15,26/09/2026 04:02
14ec9e54-3c7a-4659-ac29-d861a4038ba0,artificially.org,resell,,,high,high,12,"GoDaddy.com, LLC",12/09/2007 20:22,12/09/2027 20:22,26/09/2026 04:02
db51aa0e-36af-4f8c-8e56-10d804b564a0,christmasly.org,available,,,high,high,11,,,,
493fc07f-28f5-444f-97ab-1820b5151fca,bushism.org,available,,,high,high,7,,,,
e6056093-2edf-4d8a-85d9-2668d6c901c5,shockingly.org,resell,,,medium,low,10,"Network Solutions, LLC",29/05/2021 14:30,29/05/2027 14:30,26/09/2026 08:59
bf303dd0-e270-4de5-ba9d-d97ee168a94d,straying.org,available,7.98,18.98,high,low,8,namecheap,,,10/09/2026 22:14
e7525c98-b930-4ab4-885c-cf9927adceea,beneath.org,resell,,,medium,low,7,"NameSilo, LLC",22/09/2005 18:51,22/09/2027 18:51,26/09/2026 04:22
89549aff-06a8-4f6e-b262-e8cfbae70989,assistive.org,resell,,,high,low,9,"Spaceship, Inc.",31/12/2020 14:30,31/12/2026 14:30,26/09/2026 04:05
05538863-b851-4983-b173-18fd31a828f0,bihari.org,resell,,,high,low,6,Dynadot Inc,15/01/2015 09:35,15/01/2028 09:35,26/09/2026 04:24
392fad7e-3789-4407-8805-f63e651573a2,seatback.org,available,,,high,high,8,,,,
23102099-fa5b-4fd4-90f1-901d9a273a23,midbuccal.org,available,,,medium,low,9,,,,
7fba7ebd-1df6-4d1b-bbac-34cdd3f4578a,portrayer.org,available,,,high,high,9,,,,
6a939fe1-3d3a-4ea0-9db7-98cbd9fce632,graspable.org,available,8.48,18.98,medium,low,9,namecheap,,,06/08/2026 08:18
b4027039-8e0d-4602-bd6f-a62b062ac44f,bewildering.org,available,,,high,high,11,,,,
060d1fcc-e167-4377-85ad-398051d90745,placenames.org,available,8.99,21.99,medium,low,11,name.com,,,
d85fddca-9529-45c2-b64b-c87f745b1c29,haji.org,resell,,,high,high,4,"GoDaddy.com, LLC",11/07/2023 15:15,11/07/2027 15:15,26/09/2026 06:33
72759bb6-af1a-438a-bc23-f43cde3a2b27,ballet.org,resell,,,high,low,6,"GoDaddy.com, LLC",12/05/1995 04:00,13/05/2027 04:00,26/09/2026 04:14
69da6232-37e7-4025-bb06-52f695ffb7b5,compstall.org,available,,,high,high,9,,,,
efa7d203-d9b2-4abc-aa5e-11f081faf1ae,climax.org,resell,,,high,low,6,"GoDaddy.com, LLC",29/04/2002 18:07,29/04/2027 18:07,26/09/2026 04:59
3201e52e-cc51-43f3-8e9e-a3f5f106eacb,bowled.org,available,,,high,low,6,,,,
afc3d28b-e871-4309-9a4a-92dc3fe28336,penpusher.org,available,,,high,high,9,,,,
954a7323-4d03-409d-863f-46d153876f1e,svelte.org,resell,,,high,low,6,Unstoppable Domains Inc.,13/10/2019 14:30,13/10/2027 14:30,26/09/2026 09:26
d5ff15f4-abeb-49be-b9cd-1a2b78c2363d,rhapsodizing.org,available,,,high,high,12,,,,
ec34352f-c71d-4238-a02f-d8a366e212bb,modifying.org,resell,,,medium,low,9,"GoDaddy.com, LLC",01/10/2010 15:32,01/10/2027 15:32,26/09/2026 07:36
cf230e42-4189-4ff0-9c1b-15ee21632850,kiyoko.org,available,,,high,high,6,,,,
28e0fb6d-26fd-4bd3-a77f-4653b7bc06a9,banditry.org,available,14.99,14.99,medium,low,8,namesilo,,,22/09/2026 01:24
17608643-ac46-4702-937a-78b6283d0b26,antidiarrheal.org,available,,,high,high,13,,,,
0173ee75-38e2-463d-8497-b0a2b9d92305,coffeecakes.org,available,14.99,14.99,medium,low,11,namesilo,,,21/09/2026 00:59
3b372267-873b-467d-9c0c-a60ea36af6bf,regorge.org,available,7.98,18.98,high,medium,7,namecheap,,,10/09/2026 07:36
756ca132-5a96-40a8-ac3e-a25e2152400f,admissible.org,resell,,,high,low,10,"GoDaddy.com, LLC",09/09/2006 21:05,09/09/2029 21:05,26/09/2026 01:23
8427a72d-8057-4a39-bc46-0f65cf8e175b,insistent.org,premium,2236.34,19.99,high,low,9,Annulet LLC,01/10/2018 14:30,01/10/2026 14:30,13/08/2026 09:33
5480916b-bebe-47dd-9ed3-bf8b663276e1,postwar.org,resell,,,high,low,7,"GoDaddy.com, LLC",16/05/2025 15:15,16/05/2027 15:15,26/09/2026 08:16
a0e41fc5-e0db-4caf-832d-e2e044278fb9,homologize.org,available,,,high,high,10,,,,
71bde18a-c11f-4833-a720-b638fb0ea9ca,royale.org,resell,,,high,high,6,"GoDaddy.com, LLC",06/05/1999 13:02,06/05/2027 13:00,26/09/2026 08:45
6739878a-c9e7-44d0-8a1d-3ca947feb2e2,galloping.org,resell,,,high,high,9,"GoDaddy.com, LLC",21/07/2022 00:52,21/07/2027 00:52,26/09/2026 06:18
9bd8bddf-88ca-4e03-878f-5ef02419970a,handy.org,resell,,,high,low,5,INWX GmbH,13/12/1996 05:00,12/12/2026 05:00,26/09/2026 06:34
784d05fe-eb55-47a2-b32a-d7127ff82af1,polysyllabic.org,available,,,high,high,12,,,,
fdb81b42-14df-4fe6-8494-f4ebc3cfcee2,bhutanese.org,resell,,,medium,low,9,"GoDaddy.com, LLC",30/03/2016 14:32,30/03/2027 14:32,26/09/2026 04:24
80853ba3-7dee-4511-9479-aab33c2d1103,devoting.org,available,14.99,14.99,medium,low,8,namesilo,,,17/09/2026 17:04
17aecd6c-eebf-4483-a679-5dc999b93602,wichnor.org,available,,,high,high,7,,,,
dd476c9e-2690-4c62-942a-d86b05899e68,tubmaking.org,available,,,high,low,9,,,,
39cb67fc-5cff-46ba-9ed5-b08d1a8f8efa,kerfluff.org,available,,,high,low,8,,,,
61bf8f42-ef4d-4268-9e87-174c629733ab,hoar.org,premium,2236.34,19.99,medium,low,4,PDR Ltd. d/b/a PublicDomainRegistry.com,19/02/2007 14:30,19/02/2027 14:30,20/08/2026 19:18
38a01636-81ec-4f14-a281-2202114bf5e1,arriving.org,resell,,,medium,low,8,"GoDaddy.com, LLC",13/12/2016 14:35,13/12/2026 14:35,26/09/2026 04:02
f280b884-064c-4ee3-9400-7c837602283c,effacement.org,available,,,high,high,10,,,,
c969a787-6f73-47e9-a9af-1f27d64f4b9b,hourly.org,resell,,,high,low,6,"Sea Wasp, LLC",22/06/2002 19:46,22/06/2027 19:46,26/09/2026 06:44
0bfcd312-aeb0-49b7-9b15-14a3651983cf,reprioritize.org,available,,,high,high,12,,,,
cd9e35e4-4bf0-42c1-b148-c6474578b483,druggist.org,resell,,,high,low,8,"NameSilo, LLC",26/01/2000 04:44,26/01/2027 04:44,26/09/2026 05:42
c9c70ffe-ed2f-439b-93c6-1d7fe4a9cfca,accrementitial.org,available,,,high,high,14,,,,
5f68edf4-5a42-4fd1-a209-9b7c757b1b55,toxin.org,resell,,,high,high,5,"Sav.com, LLC",06/02/2000 07:03,06/02/2027 07:03,26/09/2026 09:42
3a5f6b2e-338a-4977-bab6-16c2a4c3ffd1,venushair.org,available,14.99,14.99,medium,low,9,namesilo,,,17/09/2026 08:07
95176921-f8ae-42eb-97f4-67145950523e,delegatee.org,available,,,high,high,9,,,,
95bdb508-ab6f-4dca-9b1d-ee3092a71bc6,cooranbong.org,available,,,high,high,10,,,,
db0518ad-efc2-47e4-a723-f78b7313f81e,overeasy.org,resell,,,medium,low,9,"GoDaddy.com, LLC",11/08/2022 13:15,11/08/2027 13:15,26/09/2026 07:58
4f7c9692-ce38-43da-89bc-3ccfae456086,mildly.org,resell,,,high,low,6,"GoDaddy.com, LLC",27/02/2014 23:50,27/02/2027 23:50,26/09/2026 07:33
1cb63516-6303-4b83-8883-d57be0a2765b,spokeswomen.org,resell,,,medium,low,11,"NameSilo, LLC",28/11/2021 14:30,28/11/2026 14:30,26/09/2026 09:13
413167c9-4d73-4937-bf35-5b57fe90424a,bioplastic.org,resell,,,high,high,10,"Spaceship, Inc.",11/04/2000 16:08,11/04/2027 16:08,26/09/2026 04:26
04a9c463-0f5b-4d70-a7f0-011fd1ca7a33,bawler.org,available,14.99,14.99,medium,low,6,namesilo,,,22/09/2026 16:58
8421eb1e-43c7-4ba2-92b7-36e6df9979ab,communicants.org,available,,,medium,low,12,,,,
8bba6b66-c02d-46ce-adfc-84f1edaa25a4,indicational.org,available,,,medium,low,12,,,,
fbdf078a-94df-4681-a4af-305399bc2141,souldiour.org,available,,,high,high,9,,,,
5a561744-0cce-479a-9639-76e111ef482a,pestles.org,available,,,medium,low,7,,,,
f2595f46-86ec-4da1-bcbf-1b606c5be2a2,whistle.org,resell,,,high,low,7,Above.com Pty Ltd.,09/12/2001 19:06,09/12/2027 19:06,26/09/2026 10:08
b70618db-38c5-4ef7-b0a7-9e081dac2228,overfilled.org,available,,,medium,low,10,,,,
f8a42f62-2aa3-429d-ae0b-fc59340e7499,longanimity.org,available,,,high,low,11,,,,
d87e07ed-11eb-4bd8-b63c-8943a705fa21,curtsey.org,available,,,high,high,7,,,,
ee784226-0ec6-46f7-8cb3-a9872a129a62,blairite.org,available,,,high,high,8,,,,
ee1c03b6-5e91-4b42-8ce0-11780f28d829,bellyache.org,resell,,,medium,low,9,"Network Solutions, LLC",14/08/2015 14:52,14/08/2027 14:52,26/09/2026 04:21
77410f7d-87a5-4b59-9081-f014d7ecf113,recatalogue.org,available,,,high,high,11,,,,
f993064c-e4e2-446a-9035-242ee14f3bf3,protestor.org,resell,,,high,high,9,"GoDaddy.com, LLC",15/11/2002 17:57,15/11/2026 17:57,26/09/2026 08:23
4e21074f-172c-4f8b-9931-c5d867ce7729,eyepieces.org,available,,,medium,low,9,,,,
b02b3021-734b-4b0b-8c9a-8843f6c466ed,zaman.org,resell,,,high,low,5,"Spaceship, Inc.",12/06/2001 16:37,12/06/2027 16:37,26/09/2026 10:16
59b1a0c6-a259-4b0c-a1e7-59b25f1cfdd8,bookboard.org,available,,,high,high,9,,,,
c606fc24-666b-4879-8e0c-938f6bb854c1,asceticism.org,resell,,,high,low,10,"GoDaddy.com, LLC",30/04/2010 19:23,30/04/2027 19:23,26/09/2026 04:03
07b4078a-1c69-4d1a-986b-6fdc418073bb,phosphoruslike.org,available,,,high,high,14,,,,
fbd86df6-bcc5-4c42-9e4f-974e6dec5dea,personalisable.org,available,,,high,high,14,,,,
0f353bb7-a8ec-4d47-a6fc-687f4bbbfd02,dependence.org,resell,,,high,low,10,"TurnCommerce, Inc. DBA NameBright.com",07/08/2025 15:15,07/08/2027 15:15,26/09/2026 05:30
36d85cd0-72ca-4b39-901b-083d1b570dfa,fierily.org,available,7.98,18.98,medium,low,7,namecheap,,,14/09/2026 18:22
66de1af6-5e15-4278-842b-1f9b7633a254,inevitably.org,resell,,,high,low,10,"Network Solutions, LLC",08/06/2017 14:30,08/06/2027 14:30,26/09/2026 06:51
6a26d556-b9f3-436f-b4c0-3c13cc45ba48,moorish.org,resell,,,high,low,7,"GoDaddy.com, LLC",13/03/2022 22:57,13/03/2027 22:57,26/09/2026 07:38
11af3560-0573-4c24-abba-d7b159cbb874,soulfully.org,resell,,,medium,low,9,"Network Solutions, LLC",26/05/2018 14:30,26/05/2027 14:30,26/09/2026 09:09
5fb47736-d488-4d32-8b5c-cf2a48d5463d,sextet.org,available,8.48,18.98,high,low,6,namecheap,,,
cfdf94ce-9e29-4470-a509-f19499e0887c,ingratiating.org,available,,,high,high,12,,,,
1d746bbb-9691-49b6-92dd-2d33bc980e7f,psychothriller.org,available,,,high,high,14,,,,
c7d4b850-d0c0-4332-b07b-fe85383b5fa3,splashproof.org,available,,,high,high,11,,,,
04328099-07be-4fe2-8402-973bcbd8441d,clatters.org,available,,,medium,low,8,,,,
7edbe52a-f39f-4508-ac5c-964a0eaaf87f,smoky.org,resell,,,high,low,5,Dynadot Inc,10/12/2001 19:04,10/12/2026 19:04,26/09/2026 09:06
d9224ca9-9358-4dba-a715-7d7d26e82ed0,ideational.org,available,,,high,low,10,,,,
5be55af5-67bb-4c89-8a44-0c766aefc24b,crispness.org,available,,,high,high,9,,,,
37cddc34-1264-4664-9825-642f1cfb9301,salving.org,available,8.48,18.98,medium,low,7,namecheap,,,14/08/2026 01:40
032b365b-85bd-4f90-825c-a0f1bc9a0331,acetabular.org,available,8.48,18.98,medium,low,10,namecheap,,,
27f9fe73-3367-4260-a98a-6fc51639d1db,deducing.org,available,,,high,high,8,,,,
69e56839-f5df-42aa-ac13-0289193ad707,senses.org,premium,20136.5,,high,low,6,GoDaddy Online Services Cayman Islands Ltd.,23/03/2002 04:06,23/03/2031 04:06,
b1ae683b-60d9-4702-8c78-665e64052431,muslimism.org,available,,,high,high,9,,,,
2e130757-ea82-4aac-adb1-6d0008ec00f8,leavening.org,available,,,high,high,9,,,,
4647ca31-b983-4b9e-a86a-35c2568cbc39,panel.org,resell,,,high,low,5,Dynadot Inc,05/04/2005 18:53,05/04/2034 18:53,26/09/2026 08:01
b0e10ee6-032b-4150-8448-9677bd7fae17,reflexion.org,resell,,,high,low,9,"Go China Domains, LLC",17/02/2010 14:30,17/02/2027 14:30,26/09/2026 08:33
8aa1ee74-e737-410f-826a-36ff458df830,midspectral.org,available,,,medium,low,11,,,,
bb88ee51-474b-4ad1-a16f-92f6649e3c5f,shanties.org,available,,,medium,low,8,,,,
7c63dcca-4393-4f35-9e7a-fca3da3edd73,inspissate.org,available,,,high,high,10,,,,
988dcd2a-14b7-4bf7-bd7d-c5de94cbaff1,abducent.org,available,8.48,18.98,high,low,8,namecheap,,,
53c422cc-b9ed-4b1c-a3d9-8cb5c2d55d96,contragate.org,available,,,high,high,10,,,,
7d6cbbaa-20af-4500-9b7c-45c3c8078a77,garfish.org,available,14.99,14.99,medium,low,7,namesilo,,,23/09/2026 16:11
178c7157-9af7-45ae-9a9e-d114b5273157,speedread.org,resell,,,high,high,10,DropCatch.com 474 LLC,07/01/2022 14:30,07/01/2027 14:30,26/09/2026 09:12
27ee1cb9-60ff-4da5-95d6-1c210e0db087,chinesism.org,available,,,high,high,9,,,,
9ebfff94-8f2d-4e86-9364-14e79fec58d6,vertices.org,resell,,,high,high,8,"GoDaddy.com, LLC",02/08/2020 14:31,02/08/2027 14:31,26/09/2026 09:58
329be010-dc9d-4a32-b785-969e810a012d,professionalise.org,available,,,high,high,15,,,,
125b8d3b-396c-4759-8ea0-40e1aec7e3d2,managership.org,available,,,high,low,11,,,,
16421a36-7ee4-4c44-8f92-71f924150f8d,speedily.org,resell,,,high,low,8,DropCatch.com 1315 LLC,13/02/2026 15:15,13/02/2027 15:15,26/09/2026 09:12
12cb2f72-3643-42ef-b53e-8d0069708443,haloo.org,resell,,,high,high,5,"NameCheap, Inc.",08/05/2022 14:30,08/05/2027 14:30,26/09/2026 06:33
d212da40-229b-4104-b1ca-c942b6cee020,prewash.org,available,,,high,high,7,,,,
ff32ddce-af8d-4c30-ada4-4c13a97f2a9d,rimmed.org,available,7.98,18.98,high,low,6,namecheap,,,09/09/2026 17:45
50286665-5883-44a9-aaf0-3d2434f4dea6,rigel.org,resell,,,high,low,5,Dynadot Inc,27/01/2005 18:52,27/01/2027 18:52,26/09/2026 08:41
e47716c8-e502-46b2-8931-c988bfd29020,biscotto.org,available,,,high,low,8,,,,
24e969a6-ea8f-4c41-a052-54cd28517458,male.org,resell,,,high,low,4,PDR Ltd. d/b/a PublicDomainRegistry.com,16/11/1995 05:00,15/11/2026 05:00,26/09/2026 07:24
4d6e4566-1361-4feb-b03d-1d0c6890348b,memoir.org,resell,,,high,high,6,"GoDaddy.com, LLC",30/01/2000 17:13,30/01/2027 17:13,26/09/2026 07:30
540684d8-34df-40c8-8697-4d254a1e6b77,longminded.org,available,,,high,high,11,,,,
005ad954-da57-4994-8a1c-7fdd4bc06cdc,continually.org,resell,,,high,low,11,"GoDaddy.com, LLC",25/02/2008 17:17,25/02/2027 17:17,26/09/2026 05:13
3c721153-6b74-4ed0-840f-5024b14f59b4,teramorphous.org,available,,,high,high,12,,,,
ee9b5999-d298-4291-97ef-511926879ffc,emeasoba.org,available,,,high,high,8,,,,
0c594649-ec25-45ca-b0cf-62fc0d81cd81,cologne.org,resell,,,high,low,7,"GoDaddy.com, LLC",26/11/1999 12:04,26/11/2026 12:04,26/09/2026 05:07
353d09f4-d9a9-4f98-a9f7-ffa56c0bd63d,niches.org,resell,,,high,low,6,"Spaceship, Inc.",26/03/2003 08:41,26/03/2027 08:41,26/09/2026 07:46
e12ddedb-2c82-46a2-866f-4bb331ef944c,unevenly.org,available,,,medium,low,8,,,,
c072aabc-98d0-45b9-a574-348d9ec83d38,cookstown.org,available,,,high,high,9,,,,
cb2c62de-ad66-4696-877e-065008312447,phosphorylated.org,available,,,high,high,14,,,,
17311bd6-2147-40a1-97b2-b2bea45bc1a1,ragee.org,available,8.48,18.98,medium,low,5,namecheap,,,17/09/2026 15:18
a20e7cef-42e1-47f9-a7a7-ecfe114edbea,dampish.org,available,8.49,19.99,medium,low,7,name.com,,,13/08/2026 16:41
e43758e7-b90f-415e-847f-73d8b9bce05d,parton.org,resell,,,high,high,6,"GoDaddy.com, LLC",17/03/2018 18:24,17/03/2027 18:24,26/09/2026 08:02
052eaf8d-8e58-4bdf-a66a-78ab42460392,chalkiness.org,available,,,medium,low,10,,,,
4234ed9a-2064-4ebf-9287-683d46908930,cophine.org,available,,,high,high,7,,,,
112d7d74-2e6e-4d7d-870f-41ea2efbcfba,synchronise.org,premium,2286.2,21.99,high,low,11,"Azdomainz, LLC",02/05/2003 14:28,02/05/2027 14:28,
c1ea6913-768a-4027-8e74-48f62b66b075,looseleaf.org,resell,,,high,low,9,"GoDaddy.com, LLC",15/01/2024 15:15,15/01/2028 15:15,26/09/2026 07:18
bd9e195c-d939-4270-b166-63d7a098bf01,slapheaded.org,available,,,high,high,10,,,,
6b129167-e401-4c29-9a12-50a543ff82f4,soothes.org,available,14.99,14.99,medium,low,7,namesilo,,,20/09/2026 05:20
672d650f-ca87-461d-acc0-b54d072b4b57,processed.org,resell,,,high,low,9,"GoDaddy.com, LLC",20/09/2008 15:01,20/09/2027 15:01,26/09/2026 08:20
6ef67e6c-f8b6-4a66-be53-500c1f4cc15f,cleanser.org,resell,,,high,low,8,Rabbitsfoot.com LLC d/b/a Oxygen.nyc,23/05/2004 19:02,23/05/2027 19:02,26/09/2026 04:58
78c9d9d7-2357-41e4-bfc2-35b0cf5a6405,basestock.org,available,,,high,high,9,,,,
ff349fed-9757-4c48-a323-9e0983cecb1a,djinny.org,available,,,high,high,6,,,,
ade86765-24ad-48c9-9764-d01a756ddc10,babydom.org,available,,,high,high,7,,,,
0b69a529-daff-4aae-9f2c-b8e94554133d,theoretically.org,resell,,,medium,low,13,"GoDaddy.com, LLC",20/03/2006 02:58,20/03/2027 02:58,26/09/2026 09:35
bf7ec67f-29b6-4582-bdd0-612194b6c138,weisshorn.org,available,,,high,high,9,,,,
cd39aaea-c450-4211-9fbe-aa79fd80be69,naans.org,available,,,medium,low,5,,,,
c33c1897-f220-4b06-bce6-7437f330894b,lithely.org,available,,,high,high,7,,,,
cf2652d0-cec5-4efe-9b77-94582253406b,demobilize.org,available,,,high,high,10,,,,
b1172290-3113-4bb4-8d3f-e5d43ef4f3c8,racklike.org,available,,,high,high,8,,,,
09d36aa5-cddd-4ddd-adf2-46b6a15ddb32,bared.org,resell,,,medium,low,5,"GoDaddy.com, LLC",31/12/2023 06:43,31/12/2026 06:43,26/09/2026 04:16
d4424dbb-0910-4dcb-bd72-f2d68b893251,codlike.org,available,,,high,high,7,,,,
fc0ad5fb-96bc-49da-9d84-55d4b33a18b9,bulbosacral.org,available,,,medium,low,11,,,,
7d9d9498-5b90-4d09-8864-0b783a5130a8,flauntingly.org,available,,,high,high,11,,,,
449c9341-1bdd-4775-8035-d7ef273db370,sixteens.org,available,,,medium,low,8,,,,
aa930b42-39fb-43eb-9b26-aee6604c22be,amaurosis.org,available,14.99,14.99,medium,low,9,namesilo,,,18/09/2026 16:17
2f7976d9-c0a9-41a5-87f4-283c28c48b2f,steadying.org,available,7.98,18.98,high,low,9,namecheap,,,10/09/2026 19:39
b8755d26-0143-4689-810e-f211e1558903,directions.org,resell,,,high,low,10,,,,27/09/2026 09:16
581b7b2f-8b4c-4943-a90c-5e1c1ed7c1fb,tapenade.org,available,,,high,medium,8,,,,
e2b4368b-f6f8-4948-a5c5-3a2484f6e251,touchdown.org,resell,,,high,high,9,"GoDaddy.com, LLC",21/09/2002 04:47,21/09/2027 04:48,26/09/2026 09:41
ab637874-2042-4039-803c-f8989adbddfc,apios.org,resell,,,medium,low,5,"GoDaddy.com, LLC",04/07/2023 02:53,04/07/2027 02:53,26/09/2026 03:55
f9815739-ba7e-416e-9d42-83842418b324,wishbones.org,available,,,medium,low,9,,,,
00cda801-db73-48c4-b5fd-22e63872fcf9,saddlecloth.org,available,,,high,high,12,,,,
bc4ee915-f546-4e2a-8788-9e5cc1a32543,repairing.org,resell,,,high,high,9,"GoDaddy.com, LLC",13/10/2005 19:05,13/10/2029 19:05,26/09/2026 08:36
63b9f3ca-a086-490b-893a-390a24d52aff,present.org,resell,,,high,low,7,Porkbun LLC,30/06/2001 10:51,30/06/2028 10:51,26/09/2026 08:18
1046274b-77c2-405e-b5ab-fc3490407132,enchanting.org,resell,,,high,low,10,"GoDaddy.com, LLC",25/04/2005 18:54,25/04/2027 18:54,26/09/2026 05:50
a3d63182-47bd-415c-ab2b-38dbcaf449e1,bantamweight.org,available,,,high,high,12,,,,
527d88ab-c36a-4735-b853-df19586734af,supplies.org,resell,,,medium,low,8,Dynadot Inc,17/01/2000 11:36,17/01/2028 11:36,26/09/2026 09:25
984f23dc-c75b-4cad-97d9-25bf055660bc,flattened.org,available,8.48,18.98,high,low,9,namecheap,,,18/08/2026 06:55
b623e25d-434c-4677-9b76-0d175bd987ae,lacewood.org,available,,,high,high,8,,,,
21883702-ad1d-40bf-b894-c60ded23902e,chiliburger.org,available,,,low,low,12,,,,
4a03f315-6a05-458d-b3c1-67205612ce47,nqf.org,resell,,,high,high,3,"NameSilo, LLC",30/05/2000 17:28,30/05/2027 17:28,26/09/2026 07:49
229e0ead-e870-4325-8c6a-4308b8f85951,enlarge.org,resell,,,high,low,7,"GoDaddy.com, LLC",12/07/2002 12:17,12/07/2027 12:17,26/09/2026 05:51
da7b543c-e65e-4aaa-874d-dea972e9ed29,keybounce.org,available,,,medium,low,9,,,,
ed9f4fc4-082a-4ba2-9121-f383691689d5,desks.org,resell,,,high,low,5,Porkbun LLC,15/11/2001 21:02,15/11/2028 21:02,26/09/2026 05:31
ec8ed6f2-6972-41c4-9d26-53f7887b29d8,stubborn.org,resell,,,high,low,8,Dynadot Inc,20/05/2004 20:57,20/05/2027 20:57,26/09/2026 09:21
a5b59b0c-6547-4a62-a4d7-87af1b7757ae,anatropous.org,available,8.48,18.98,medium,low,10,namecheap,,,
07ad5177-fc5b-4d07-9b4f-2b147443b1ff,inviolacy.org,available,,,medium,low,9,,,,
09dcfdc3-879f-48b9-970e-7f99d327d270,toughened.org,available,7.98,18.98,medium,low,9,namecheap,,,11/09/2026 10:54
00a6bbdc-1344-45bf-8d32-cb8af7a699fc,weighs.org,available,,,medium,low,6,,,,
9a292cd7-5d15-490c-9e80-fb606e902008,whomever.org,resell,,,high,high,8,"GoDaddy.com, LLC",06/04/2006 19:11,06/04/2027 19:11,26/09/2026 10:09
38d943b3-fcd5-4093-89cc-44c84fb3ab07,comal.org,resell,,,medium,low,5,"GoDaddy.com, LLC",03/05/2000 18:46,03/05/2028 18:46,26/09/2026 05:07
dea63f71-e229-4c50-bbea-a72d12712bef,hide.org,resell,,,high,low,4,Dynadot Inc,24/07/2002 06:11,24/07/2027 06:11,26/09/2026 06:39
1a33dae4-fa65-4d3c-be7d-a45037d6fc91,walleye.org,resell,,,high,high,7,Moniker Online Services LLC,21/03/2002 19:15,21/03/2027 19:15,26/09/2026 10:03
252268c8-abda-46ac-8a1b-1c8b67b2c69e,sneering.org,available,7.98,18.98,high,medium,8,namecheap,,,10/09/2026 12:32
52e22c26-e459-4413-be66-e31b1dd12ec8,emanuel.org,resell,,,high,low,7,"GoDaddy.com, LLC",28/04/1997 04:00,29/04/2027 04:00,26/09/2026 05:48
dbb0f8e2-6c51-461b-9600-de3c4581107d,marblewood.org,available,14.99,14.99,medium,low,10,namesilo,,,19/09/2026 03:58
799f812e-976d-4f12-b512-21a432e9667c,surmising.org,available,,,high,high,9,,,,
cb3fea83-0b61-4e5e-b9bf-cd6d5c7bb728,plundered.org,resell,,,medium,low,9,DropCatch.com 1468 LLC,26/05/2026 15:15,26/05/2027 15:15,26/09/2026 08:13
c56c6ace-7b9a-4d05-a772-bff3e838122f,attenuator.org,available,14.99,14.99,high,low,10,namesilo,,,21/09/2026 01:34
69a73cda-a661-4842-9c6b-9eebb801f38d,wisely.org,resell,,,high,low,6,"GoDaddy.com, LLC",31/05/2024 15:15,31/05/2027 15:15,26/09/2026 10:11
32b5f51a-5c9f-44f1-be65-fb27cc7b9485,detergency.org,available,,,high,high,10,,,,
52de1406-1e35-48dd-87f2-8a8b98a240bb,nuvvuagittuq.org,available,,,high,high,12,,,,
be656a72-c86c-4cc1-965b-079498fa1382,solved.org,resell,,,high,low,6,"Network Solutions, LLC",02/08/2004 20:34,02/08/2027 20:34,26/09/2026 09:09
6f3ee4b2-9a78-4a1c-81b3-637c0a61e392,occupier.org,resell,,,high,low,8,"GoDaddy.com, LLC",19/05/2024 15:15,19/05/2027 15:15,26/09/2026 07:51
f32468e2-6b9e-45eb-bf6c-98e5385316ef,carbophos.org,available,,,medium,low,9,,,,
9e8237c5-3c51-44fd-96a2-5ee5736468aa,pyjamas.org,resell,,,high,high,7,"Sea Wasp, LLC",02/01/2004 14:53,02/01/2027 14:53,26/09/2026 08:26
a6a92620-e72f-45d1-8e11-1c0bf48a58a4,tetrachromacy.org,available,,,high,high,13,,,,
a1d51a5c-2db7-489b-9a61-6a1e198ed28c,brainteaser.org,resell,,,high,high,11,"GoDaddy.com, LLC",07/08/2003 14:47,07/08/2027 14:47,26/09/2026 04:35
1114bb41-5da3-4e00-8da5-8c13a4aadd1d,cashable.org,resell,,,high,low,8,"GoDaddy.com, LLC",11/09/2024 15:15,11/09/2027 15:15,26/09/2026 04:47
d2832d4b-091a-4d35-9f54-4d8dc454c1d8,adsorbent.org,available,14.99,14.99,high,low,9,namesilo,,,24/09/2026 08:18
aa8601c6-dc22-48c9-adf6-a0b063b1a7d3,frau.org,resell,,,high,high,4,"Spaceship, Inc.",25/06/2001 05:10,25/06/2027 05:10,26/09/2026 06:14
08505b37-c92d-4efd-91a1-f1365fcdc812,splinting.org,available,,,medium,low,9,,,,
e8b06b55-f676-4a89-b6ac-a750d9732d66,precursory.org,available,7.98,18.98,high,medium,10,namecheap,,,09/09/2026 01:20
78a1bd93-9aa9-4aa2-b7ad-9223a44c7f51,liberated.org,resell,,,high,low,9,"Network Solutions, LLC",26/06/2018 14:30,26/06/2027 14:30,26/09/2026 07:13
c6e8fd98-0aa8-4941-a8b7-422030ef9fc1,stabilizing.org,resell,,,high,high,11,"GoDaddy.com, LLC",18/07/2012 15:27,18/07/2027 15:27,26/09/2026 09:15
6084bc6f-7952-4079-8dea-c3b903d70172,francine.org,resell,,,high,high,8,InterNetX GmbH,21/05/2002 23:34,21/05/2027 23:34,26/09/2026 06:14
936e6381-219a-4782-b5f9-37959e674dbf,predeparture.org,available,,,high,high,12,,,,
beea42e6-76da-475d-ae9b-2b9c825fc54e,feetwear.org,available,,,high,low,8,,,,
fec2b3b3-e8a5-449f-b7f8-30a9253c6498,westlock.org,resell,,,high,high,8,"GoDaddy.com, LLC",27/12/2025 15:15,27/12/2027 15:15,26/09/2026 10:07
edb6a501-d4dd-406e-8b74-4a343b85403a,visioning.org,resell,,,high,medium,9,"GoDaddy.com, LLC",29/01/2025 15:15,29/01/2028 15:15,26/09/2026 10:00
1ca9a274-9f00-4423-ac54-2ec4b6d6c7e2,divinement.org,available,14.99,14.99,high,high,10,namesilo,,,25/09/2026 09:29
26504ded-b475-475a-a579-874ff7dedcb2,antiderivatives.org,available,,,medium,low,15,,,,
3ac5575e-9ea3-4e62-b9c5-ac2c3de33c4d,athanasia.org,resell,,,high,high,9,"NameCheap, Inc.",10/07/2018 21:40,10/07/2027 21:40,26/09/2026 04:06
4dc59fda-d977-4998-a868-35df85ab83de,knoblike.org,available,,,high,high,8,,,,
05c09cb0-2432-4699-b107-a972c9ddbc88,quarterfinalist.org,available,,,high,high,15,,,,
6ee03a13-7ca0-4843-95cc-28bc445b32f0,staggered.org,resell,,,high,high,9,"GoDaddy.com, LLC",03/08/2020 14:30,03/08/2027 14:30,26/09/2026 09:15
2ed8adeb-f452-45f8-b6b0-7d2215154528,guidances.org,available,,,medium,low,9,,,,
485d0a65-9461-4899-b48f-eca3d84e8711,sealife.org,resell,,,high,high,7,"NameSilo, LLC",24/06/1998 04:00,23/06/2027 04:00,26/09/2026 08:52
56632305-ce16-4df3-88ab-8b4aca325ecf,laurey.org,available,,,high,high,6,,,,
6073906e-d5c8-4459-a74f-176ceafe357a,cerebrate.org,resell,,,high,high,9,"GoDaddy.com, LLC",12/07/2018 10:53,12/07/2027 10:53,26/09/2026 04:50
fb45115f-d6b6-466b-883a-31bc49edafd5,allopathy.org,resell,,,medium,low,9,"Spaceship, Inc.",29/03/2003 14:06,29/03/2027 14:06,26/09/2026 03:48
8f8531b2-0898-4499-9874-5517869d4a3b,hackneyed.org,available,8.48,18.98,medium,low,9,namecheap,,,08/08/2026 10:56
21007101-22d3-4cf9-928f-273730451938,goldencarpet.org,available,,,medium,low,12,,,,
94d9a233-b9e2-4011-ac39-dda1ecc64818,solver.org,resell,,,high,high,6,"NameSilo, LLC",10/01/2003 08:26,10/01/2027 08:26,26/09/2026 09:09
6d2af761-baac-47f2-87b7-0ab488180f3d,abietite.org,available,,,high,high,8,,,,
40f5f9cd-0db3-4eeb-bfde-977c2e8eb109,savagely.org,available,7.98,18.98,medium,low,8,namecheap,,,14/09/2026 01:43
b0f54438-a1da-456e-96fe-32b1bcc21daf,reexplains.org,available,,,low,low,11,,,,
0332ac5b-19fa-4c1c-8315-9a132b3cb2ba,venetians.org,available,,,high,low,9,,,,
f06d337d-25a3-4351-a617-276a88604854,solicited.org,available,,,medium,low,9,,,,
ac274940-bb83-4c76-9551-cb3dea28cdf2,underdresses.org,available,,,medium,low,12,,,,
0eeeaa4e-cd0a-4070-aee7-53bb8a91f18f,alcidae.org,available,14.99,14.99,high,low,7,namesilo,,,18/09/2026 04:02
02ad0e35-98bc-409b-aaf1-d073b63012a8,expectedness.org,available,,,medium,low,12,,,,
2863c3fc-4a77-4743-beb0-fc8b15fd9e32,labradoodle.org,resell,,,high,high,11,"GoDaddy.com, LLC",06/06/2002 07:38,06/06/2027 07:38,26/09/2026 07:07
fb8829b2-39fd-4028-9110-75c91f278144,newfashioned.org,available,,,high,high,13,,,,
8ddb98ef-fb36-44e6-af8c-ab17db0480dd,dozing.org,available,,,high,high,6,,,,
c721f495-537c-4b9a-b9c1-da182240ff8f,abisetaoshi.org,available,,,medium,low,11,,,,
30ca3179-8503-4783-800f-f5e02db14239,churchillian.org,available,,,high,high,12,,,,
cb5ec1a7-078a-470f-975e-43e76404b16a,amyl.org,resell,,,high,low,4,DropCatch.com 733 LLC,04/01/2022 14:30,04/01/2027 14:30,26/09/2026 03:51
1c758920-24d1-4218-b6ab-5369de411eb5,mortgagees.org,available,,,medium,low,10,,,,
efa0e1ba-3e7d-44dc-b83a-a1cd3f192c04,turboload.org,available,,,high,high,9,,,,
e0119df0-fde1-44c2-b6a2-cf9b2038be3f,cycloidal.org,available,8.49,19.99,medium,low,9,name.com,,,13/08/2026 13:40
a0a28821-0c21-4a8c-8079-c53c56991505,slithery.org,available,7.98,18.98,medium,low,8,namecheap,,,10/09/2026 11:09
f4498c05-a7ac-4b2a-a7c6-f835fd2d70aa,suomi.org,resell,,,high,low,5,Dynadot Inc,23/03/1997 05:00,24/03/2028 05:00,26/09/2026 09:24
41e38878-157e-4b74-909a-9f14c3c657ba,centuriate.org,available,,,high,high,10,,,,
9c99a37e-4f2c-4e66-98ee-3c7f308e5505,tailless.org,available,8.48,18.98,medium,low,8,namecheap,,,05/08/2026 21:33
9f7cd557-e717-40e7-a02b-61674e82d1de,relaxants.org,available,,,medium,low,9,,,,
ab1cde28-e3c5-4889-b5fd-c9662e935249,burr.org,resell,,,high,low,4,Dynadot Inc,07/08/1997 04:00,06/08/2027 04:00,26/09/2026 04:41
044dcd7d-f9a8-4169-9461-df5c2a920d33,milkbars.org,available,,,medium,low,8,,,,
b7f293c5-f8a4-4016-8fec-c38d5e83fd2c,juxtapose.org,resell,,,high,high,9,"TurnCommerce, Inc. DBA NameBright.com",07/06/2025 15:15,07/06/2027 15:15,26/09/2026 07:03
5a3e22ab-8854-41a0-966a-8d8c121f5c7d,counteradaptive.org,available,,,medium,low,15,,,,
c89e689a-7272-4eff-a7ab-29556b1be492,reasonless.org,available,8.48,18.98,medium,low,10,namecheap,,,11/08/2026 22:42
337e2faf-f55f-4624-ab31-01efb89e689a,sunlamp.org,available,14.99,14.99,high,high,7,namesilo,,,25/09/2026 14:29
1bf070e9-2c0f-4c43-af06-817ec7cf9ac4,impression.org,premium,22505.5,,high,low,10,GoDaddy Online Services Cayman Islands Ltd.,27/05/2002 18:09,27/05/2031 18:09,
de63504a-6ef4-4979-a882-07c3b3bb43b9,kinver.org,available,,,high,high,6,,,,
2185472e-45b1-4478-a205-a03ccfdbe161,kiplingcotes.org,available,,,high,high,12,,,,
e1f6fc53-4dad-42df-9f30-719f3c396451,thrilly.org,available,8.48,18.98,medium,low,7,namecheap,,,18/09/2026 19:36
9ed097ef-7fe2-4ba4-8ca1-b5a7995997b8,seasonal.org,resell,,,high,low,8,"GoDaddy.com, LLC",09/10/2003 14:36,09/10/2033 14:36,26/09/2026 08:53
d14cc4fc-ebfb-4cf8-b95e-d0d7b3ebbd66,aptitude.org,resell,,,high,low,8,"GoDaddy.com, LLC",13/02/2004 10:50,13/02/2033 10:50,26/09/2026 03:57
070475af-1592-484a-89f8-6fca6215fe0e,regulars.org,resell,,,high,medium,8,Dynadot Inc,06/08/2009 14:30,06/08/2027 14:30,26/09/2026 08:34
f0a7ab81-b4c3-4427-86cd-d4c79724c31b,awheel.org,available,8.48,18.98,medium,low,6,namecheap,,,08/08/2026 01:05
1efe3ddc-0d09-4007-90e5-524c32089c1e,windowing.org,available,,,high,high,9,,,,
f6397cd2-4d7b-48e6-97e2-435066432f33,spalike.org,available,,,high,high,7,,,,
1f305a7d-028b-46c9-b902-ac7972da32bd,likenesses.org,available,,,medium,low,10,,,,
22df98cb-efaa-47a1-9fbf-7f00fa8b2bbd,stakeholders.org,resell,,,high,medium,12,Dynadot Inc,27/04/2004 19:11,27/04/2027 19:11,26/09/2026 09:15
61230ef0-543d-4f52-8110-be65bde43127,carbonated.org,premium,2236.34,19.99,high,low,10,"Azdomainz, LLC",05/03/2005 18:51,05/03/2027 18:51,11/08/2026 18:39
ea956a5e-c78e-4c22-b26e-3f0b0ad59b91,analogise.org,available,,,high,high,9,,,,
9aed6e30-c9d6-4200-99e1-1fa9a6dffdd5,directives.org,resell,,,high,low,10,"GoDaddy.com, LLC",30/08/2020 14:30,30/08/2027 14:30,26/09/2026 05:34
ac2f6ec4-fe2c-4971-ab3a-fb63f371aeae,descendingly.org,available,,,medium,low,12,,,,
2f42dc63-d37c-4f52-80fc-d61da3ea6586,jugful.org,available,,,high,high,6,,,,
0e13eb4f-ef4f-444a-b43d-05aa133fc228,acrodont.org,available,14.99,14.99,medium,low,8,namesilo,,,17/09/2026 03:41
59101c99-247e-416d-a556-6155a8c910ad,agricola.org,resell,,,high,low,8,Unstoppable Domains Inc.,25/07/2015 14:30,25/07/2027 14:30,26/09/2026 01:27
899756b3-d472-49bb-af5d-9afa170b496d,browsing.org,premium,6426.2,21.99,high,low,8,Annulet LLC,27/04/2004 19:33,27/04/2027 19:33,
08592a0c-6599-4af8-b0a2-bfe49767a4d9,dreamcatcher.org,resell,,,high,high,12,"GoDaddy.com, LLC",10/07/2012 14:30,10/07/2027 14:30,26/09/2026 05:40
ae7131b7-4c23-495b-bb68-cd96d4ac6261,eddie.org,premium,15398.5,,high,low,5,GoDaddy Online Services Cayman Islands Ltd.,21/12/1999 12:05,21/12/2026 12:05,
ad238e2b-bdda-446a-98a8-00e3d3df5146,gladioli.org,available,,,medium,low,8,,,,
d5ca31c0-037a-446f-a675-eea94b111ad4,hoarse.org,resell,,,high,low,6,"Network Solutions, LLC",05/02/2018 14:30,05/02/2027 14:30,26/09/2026 06:41
20a48bac-0960-4622-8612-00aff5365e1a,poisonous.org,resell,,,medium,low,9,Unstoppable Domains Inc.,22/11/2017 17:51,22/11/2027 17:51,26/09/2026 08:13
ead24506-93db-40ca-b6f8-02794f3c5496,squawky.org,available,8.48,18.98,medium,low,7,namecheap,,,11/08/2026 12:26
04b9ddc8-2920-4013-8f56-5e272147a72e,mochaccino.org,available,,,high,high,10,,,,
88466594-f0c3-4dae-a5f5-bc4b48042cba,instill.org,resell,,,high,high,7,Dynadot Inc,11/12/2005 20:01,11/12/2026 20:01,26/09/2026 06:54
a6d96a08-fa67-444f-b17a-f9627c2f2fd7,septette.org,available,,,high,high,8,,,,
1209dc25-7466-4c7d-9aab-1458d703b84a,bilby.org,resell,,,high,low,5,"Spaceship, Inc.",27/06/2023 15:15,27/06/2027 15:15,26/09/2026 04:25
665ea4d2-8955-4752-97a7-41772e3066ec,middlesbrough.org,resell,,,high,high,13,"OnlineNIC, Inc.",30/06/2001 10:54,30/06/2027 10:54,26/09/2026 07:32
26dfce50-aaca-4c5e-a565-6fe87cbe85c4,bedclothes.org,available,8.48,18.98,high,low,10,namecheap,,,22/09/2026 22:48
e6dbdfd1-b542-4e73-b883-c0b340e8fc5e,slinky.org,resell,,,high,medium,6,"BRANDON GRAY INTERNET SERVICES INC. (dba ""NameJuice.com"")",22/09/1999 07:37,22/09/2027 07:37,26/09/2026 09:05
f39d80fe-e75b-48ba-8f9d-59c303ba5201,commiefornia.org,available,,,high,high,12,,,,
9e6f7938-6f44-4438-b37b-76f603fbd736,various.org,resell,,,high,low,7,Dynadot Inc,13/01/2016 14:30,13/01/2027 14:30,26/09/2026 09:56
016acbb7-e8f7-489a-a88e-f0301fb69d03,regionally.org,resell,,,high,low,10,"GoDaddy.com, LLC",19/11/2018 09:18,19/11/2026 09:18,26/09/2026 08:34
6809603c-1d05-408e-b108-77cb7480ad1b,jimador.org,available,,,medium,low,7,,,,
bdcb2849-4635-4a33-a137-a51b51631362,supercolossal.org,available,,,high,high,13,,,,
799a9cd3-865a-40ea-8629-f2f895166b14,nottinghamshire.org,resell,,,high,medium,15,"GoDaddy.com, LLC",12/11/2015 14:30,12/11/2026 14:30,26/09/2026 07:49
577b36aa-bf16-41de-9d06-76cb3e3b81f0,inboard.org,resell,,,medium,low,7,"GoDaddy.com, LLC",18/05/2006 05:17,18/05/2027 05:17,26/09/2026 06:49
64085d55-2da8-453d-8daa-2ed2b61d0efa,galeocerdo.org,available,,,high,high,10,,,,
e900bef4-db1b-4a58-a6e4-b61b23367bd6,unfamiliar.org,resell,,,high,low,10,"GoDaddy.com, LLC",03/01/2025 15:15,03/01/2027 15:15,26/09/2026 09:51
0e9a2345-e634-45d3-8926-4a17510d59e7,epical.org,resell,,,medium,low,6,"Spaceship, Inc.",07/09/2023 15:15,07/09/2027 15:15,26/09/2026 05:52
86e2a50d-106f-4ea7-a33c-0afa8571f999,defendably.org,available,,,high,high,10,,,,
c6a690eb-7136-4278-a904-90d0f6393fdd,experient.org,available,8.48,18.98,high,low,9,namecheap,,,17/08/2026 18:12
43835cca-edd8-400e-8b07-05e3b49b8729,spite.org,resell,,,high,low,5,Dynadot Inc,17/09/2002 07:16,17/09/2027 07:18,26/09/2026 09:13
bdee81fe-1bc1-4ef9-8d63-bbc0b88621f5,catchable.org,available,,,high,high,9,,,,
fdc9175e-41fb-4028-bf19-c0ca26ba30e1,sevener.org,available,8.48,18.98,high,low,7,namecheap,,,
b83d6fc9-d32b-45ed-af5e-3a982bab8625,palliation.org,available,,,high,high,10,,,,
8701720f-cea1-4b11-9568-b924a97068d7,thickshake.org,available,,,high,high,10,,,,
343d0e81-a8d7-46a1-833b-900f615cfb8f,defeater.org,available,,,high,high,8,,,,
89f4c2b2-00e6-483c-918b-738a4bf28654,crikey.org,resell,,,high,high,6,Dynadot Inc,24/07/2011 14:30,24/07/2027 14:30,26/09/2026 05:20
162b21d2-89b2-4cf5-983f-07f72cf41b70,reemerging.org,available,,,medium,low,10,,,,
0a679de7-0093-486d-91ec-1b09035b0a52,corned.org,available,8.48,18.98,high,low,6,namecheap,,,13/08/2026 01:33
1bcfc39b-5f5a-4eee-abc7-538619c28b2d,chappati.org,available,,,high,high,8,,,,
1e8c0574-3424-4a58-a0fe-e5793d4494ef,osloite.org,available,,,high,high,7,,,,
62694bfc-84c3-4ef9-8d88-7b4f17782d54,comedy.org,resell,,,high,low,6,"GoDaddy.com, LLC",25/05/1996 04:00,24/05/2027 04:00,26/09/2026 05:07
f204f73b-6a2b-4a9c-9b35-65142ee58f17,energizing.org,resell,,,high,low,10,"Network Solutions, LLC",01/05/2017 14:30,01/05/2027 14:30,26/09/2026 05:50
3da8b966-6770-4c94-af88-c67ca564e3e4,prostyle.org,resell,,,high,low,8,"GoDaddy.com, LLC",21/09/2025 15:15,21/09/2027 15:15,26/09/2026 08:23
36f660b0-8d53-47d6-bca1-00f25b28d781,nominalisation.org,available,,,medium,low,14,,,,
dd3ac6e4-4eea-45f0-8d12-ae3d9120013d,playing.org,resell,,,high,low,7,DomainSpot LLC,15/01/2000 22:34,15/01/2027 22:34,26/09/2026 08:12
bea0b525-e0b9-4cab-acf2-b4de8bde0032,waikiki.org,resell,,,high,high,7,"GoDaddy.com, LLC",02/09/1996 04:00,01/09/2028 04:00,26/09/2026 10:02
e6c04b8b-52f7-4d67-9356-f2053cf762e5,colorwork.org,available,,,high,high,9,,,,
d98875ff-ff46-4460-9ab6-cc5d607960c5,laundromats.org,resell,,,high,low,11,"GoDaddy.com, LLC",30/08/2002 23:57,30/08/2027 23:57,26/09/2026 07:09
1e36c8b8-65a3-4b52-83d1-8ab92c92a789,microcamera.org,available,,,high,high,11,,,,
b382199b-c783-4603-af5f-9a0561e7e9b7,antlered.org,available,8.48,18.98,medium,low,8,namecheap,,,05/08/2026 20:11
f644dd46-95b2-438d-88b6-25400c806db0,unfrozen.org,resell,,,medium,low,8,"GoDaddy.com, LLC",18/02/2011 17:07,18/02/2027 17:07,26/09/2026 09:51
03734bf8-8b47-4cfe-a146-6729dd44f82b,hairspring.org,available,,,high,high,10,,,,
85490ca3-8b72-4750-9395-01ebaedb3ab1,magicks.org,available,,,medium,low,7,,,,
b579cf02-6d64-490a-9db9-edb0270f2161,bathplug.org,available,,,high,high,8,,,,
1c94f651-c752-4162-aa81-1497c63bb038,soundtrack.org,resell,,,high,high,10,"GoDaddy.com, LLC",02/05/1998 04:00,01/05/2028 04:00,26/09/2026 09:10
e699cf9c-1d9c-4462-8ad6-5b808ea135c4,ghurkha.org,available,,,high,high,7,,,,
21f162d6-ee08-4fb2-84d6-3c070943dc00,unedited.org,resell,,,medium,low,8,"GoDaddy.com, LLC",13/12/2002 08:59,13/12/2026 08:59,26/09/2026 09:51
4ddb040e-46be-45b7-8377-7be70731bfbc,groomed.org,resell,,,high,low,7,"GoDaddy.com, LLC",27/08/2013 15:05,27/08/2027 15:05,26/09/2026 06:30
88d233db-1c8a-4b8e-b1ed-05839b8d94d3,redecorator.org,available,,,high,high,11,,,,
95f4196e-67a3-47a7-8596-380d3bcf711e,refractory.org,resell,,,high,low,10,"Spaceship, Inc.",23/08/2023 15:15,23/08/2027 15:15,26/09/2026 08:34
68098e19-c75c-4bf2-9b0b-fce0ec00a917,eudaimonia.org,resell,,,high,low,10,"NameCheap, Inc.",24/06/2007 19:08,24/06/2028 19:08,26/09/2026 05:54
a50c0a24-283f-46a1-9ac5-c695d0c4e33f,try.org,resell,,,high,low,3,"GoDaddy.com, LLC",14/05/1998 04:00,13/05/2027 04:00,26/09/2026 09:47
b680d552-65da-4c9e-aa15-bc7d871b6a82,wages.org,premium,29612.5,,high,low,5,GoDaddy Online Services Cayman Islands Ltd.,12/04/2003 08:08,12/04/2031 08:08,
fd7b991d-278e-4263-90df-bd795741e25a,knotty.org,resell,,,high,low,6,"GoDaddy.com, LLC",18/05/2006 05:17,18/05/2027 05:17,26/09/2026 07:06
ec60de53-fb37-4f34-9a4a-7d609b0540b2,framing.org,resell,,,high,high,7,"GoDaddy.com, LLC",18/02/2000 20:08,18/02/2027 20:08,26/09/2026 06:14
4c5a0a47-2710-4d73-8e07-04a2f26ffd6e,languor.org,resell,,,high,high,7,"Network Solutions, LLC",05/07/2017 14:30,05/07/2027 14:30,26/09/2026 07:08
3065fe93-c314-41c4-925c-b8fe11cbaf1d,basinet.org,available,8.48,18.98,medium,low,7,namecheap,,,22/09/2026 10:57
a03148f7-573b-4940-84ee-c9151fa8673f,greatening.org,available,,,low,low,10,,,,
1514f3ed-3627-4165-911d-0f8813c573e2,trippingly.org,available,7.98,18.98,medium,low,10,namecheap,,,15/09/2026 11:20
42ac821a-d7f7-4010-913a-53f904c63c84,marriageability.org,available,,,high,high,15,,,,
017cf138-1df4-4734-a707-95799e241dc7,ballpen.org,available,14.99,14.99,medium,low,7,namesilo,,,21/09/2026 23:22
6ae5ac6e-d976-43ad-bd79-788177a9eed6,softwire.org,resell,,,high,high,8,"GoDaddy.com, LLC",26/01/2024 15:15,26/01/2028 15:15,26/09/2026 09:08
f0e0236f-4a74-4e79-87bf-f2bd47d96e07,theoreticians.org,available,,,medium,low,13,,,,
7e1440ed-e748-4421-96ff-00b4cc47aa3c,biggish.org,available,8.48,18.98,medium,low,7,namecheap,,,09/08/2026 20:33
dc1e33a1-4db2-4cac-8569-07017837c711,lachrymal.org,available,8.48,18.98,medium,low,9,namecheap,,,22/08/2026 17:59
eb96d563-a244-4614-b267-e8d2ce2fc6a8,dutiful.org,resell,,,high,low,7,Costdomain.Com Inc,18/05/2026 15:15,18/05/2027 15:15,26/09/2026 05:43
050d880d-87ac-41fa-865e-8607f2f6c618,rejudge.org,available,,,high,high,7,,,,
73f8ddb6-7a8c-4d38-a758-4dbb91dab5c6,stainproof.org,available,,,high,high,10,,,,
32b6f75f-39b6-40fa-ba34-24f9042ab4d5,abiogenous.org,available,,,high,high,10,,,,
e8107cea-c5d9-4a41-8253-e889678415c6,laps.org,resell,,,high,high,4,"GoDaddy.com, LLC",09/06/1998 04:00,08/06/2027 04:00,26/09/2026 07:08
b7164f9d-7fa7-416c-bb22-022d2aa06e8f,stylograph.org,available,,,high,high,10,,,,
bb58962b-45fe-4f80-9a8f-bdd6ac20c186,hotfoot.org,available,7.98,18.98,high,low,7,namecheap,,,09/09/2026 19:44
c98edfab-cbcb-4140-8ad9-ce45b023c067,articulationist.org,available,,,low,low,15,,,,
234b4015-a55f-4036-b9ae-904d3b8f84cd,hydrosulfite.org,available,,,high,high,12,,,,
7ae725ba-5f0a-4a6a-849e-0f69a8ac40bb,panels.org,resell,,,medium,low,6,"GoDaddy.com, LLC",04/06/2004 18:57,04/06/2030 18:57,26/09/2026 08:01
09d6ab22-7cd4-40d7-9b1c-fef249bff4db,portly.org,resell,,,high,low,6,"GoDaddy.com, LLC",12/06/2003 17:44,12/06/2027 17:44,26/09/2026 08:15
1ea7dc0d-01eb-4fbc-a30b-ad7d32dd56de,snacky.org,resell,,,high,high,6,"GoDaddy.com, LLC",15/03/2013 14:51,15/03/2027 14:51,26/09/2026 09:06
f4e601aa-6129-4233-ad2f-34f08e009117,artifacted.org,available,,,medium,low,10,,,,
5ab25cc3-0911-456d-aeb1-4c6cf6352336,fluvial.org,resell,,,high,low,7,Dynadot Inc,19/03/2026 17:00,19/03/2027 17:00,26/09/2026 06:10
a857e41f-9f18-4768-adab-d3a7d6f0a391,xlviii.org,available,8.48,18.98,high,low,6,namecheap,,,
4c2ce2e7-6ae1-46c8-9a21-5f601ee39326,peking.org,resell,,,high,low,6,"Gransy, s.r.o.",01/05/1998 04:00,30/04/2027 04:00,26/09/2026 08:05
9ee0f205-e728-4591-ab21-d9b8e06b2588,blare.org,premium,3420.84,19.99,high,low,5,Annulet LLC,09/01/2004 17:37,09/01/2027 17:37,10/08/2026 13:12
f07f45af-575c-4a51-80a3-92e2f2c46063,stanistreet.org,available,,,high,high,11,,,,
9778fb56-7396-40b4-9f56-35278e22af8b,overact.org,available,,,high,high,7,,,,
1252f968-262a-46de-a733-649658a7b1c7,comfortableness.org,available,,,high,high,15,,,,
083723bd-651d-461e-8649-8e6aa440f113,grayfriar.org,available,,,high,high,9,,,,
586b2e66-05fe-4020-b30a-58cae7b2b0e1,religion.org,resell,,,high,low,8,"GoDaddy.com, LLC",23/05/1997 04:00,24/05/2029 04:00,26/09/2026 08:35
74e25f92-983b-4598-80f1-fe434562744b,spacky.org,available,,,high,high,6,,,,
36a32c40-a9af-41d9-b86e-7a169958171e,superagent.org,resell,,,high,high,10,"GoDaddy.com, LLC",15/03/2018 19:07,15/03/2027 19:07,26/09/2026 09:24
87d6962e-b68c-44d7-9024-95496d75ff4c,limerance.org,available,,,high,high,9,,,,
a55f1b78-884a-4594-9cd4-840473bdfd78,inclusively.org,resell,,,high,high,11,DropCatch.com 1417 LLC,29/07/2026 15:15,29/07/2027 15:15,26/09/2026 06:50
e12524bd-99f7-4734-a246-e21e6b30458d,truckmaking.org,available,,,high,low,11,,,,
82caccbc-d030-4f78-8cd8-d09dcc530dce,saccate.org,available,,,high,high,7,,,,
ad5f7a8b-b4eb-4123-adaf-42dddc96ffa5,jungian.org,resell,,,high,low,7,"GoDaddy.com, LLC",01/05/2000 00:16,01/05/2027 00:16,26/09/2026 07:02
755489d0-93f4-4190-bd8c-5143a43d1881,blazered.org,available,,,medium,low,8,,,,
5952b58c-eb49-4be6-9058-3647e5ccdba8,scrubber.org,resell,,,high,high,8,"GoDaddy.com, LLC",17/11/2014 14:30,17/11/2026 14:30,26/09/2026 08:52
9cdf689f-0fc1-4731-b8bc-fb52b123c91b,unpunished.org,resell,,,medium,low,10,Dynadot Inc,15/03/2022 16:35,15/03/2027 16:35,26/09/2026 09:52
cd8937b4-42c8-4dac-b33c-f83c315ef1c3,indicative.org,resell,,,high,low,10,"Network Solutions, LLC",12/01/2015 15:07,12/01/2027 15:07,26/09/2026 06:50
e3302e7c-9328-43e0-beb5-46a43fcabd20,sits.org,resell,,,medium,low,4,"GoDaddy.com, LLC",26/08/1998 04:00,25/08/2027 04:00,26/09/2026 09:03
674d73aa-9d8e-4c62-8faa-8c0a29054f35,refasten.org,available,,,high,high,8,,,,
0d73e18a-6899-4fbf-8bf0-0419c4aab9c5,zonalization.org,available,,,high,high,12,,,,
fdbe530b-8b3b-4d98-91bd-a1614770db2d,tetraterpene.org,available,,,high,high,12,,,,
34de0008-9e5b-4fc8-a814-fdfb6955f5f8,selfraising.org,available,,,high,low,12,,,,
d083f0ce-dcdd-4d76-90e7-833f98550fd8,loosens.org,available,,,medium,low,7,,,,
3150ba97-3947-433a-802f-75a2c1eb4506,horsehead.org,resell,,,medium,low,9,"GoDaddy.com, LLC",09/05/2015 14:30,09/05/2027 14:30,26/09/2026 06:43
d84571f6-710c-488e-b717-cb2ac28bcbb1,acinetae.org,available,,,low,low,8,,,,
6576a7e7-ed1b-4ac6-a294-3c1ff07da638,laverstock.org,available,,,high,high,10,,,,
3465a976-b2aa-4649-a26f-d84404f16e8b,moorgame.org,available,,,high,high,8,,,,
99cdafe5-b18b-4929-ab2a-45c76a1e2de3,levels.org,resell,,,high,medium,6,,,,27/09/2026 11:07
39be2744-9c1b-4dfa-8722-7b6bb15fd500,transliterates.org,available,,,low,low,14,,,,
613453df-b175-4b9c-950f-d1ef86659f96,laconicism.org,available,,,high,high,10,,,,
8cb17eb7-e59f-4eb8-9f2f-f225bb04cd6c,sprawl.org,resell,,,high,low,6,Atom.com Domains LLC,16/03/2003 17:29,16/03/2029 17:29,26/09/2026 09:14
3b72373a-2808-46d5-9181-7b48162249cc,shaking.org,resell,,,high,low,7,"GoDaddy.com, LLC",09/09/2005 18:59,09/09/2027 18:59,26/09/2026 08:57
6c9dc40f-5f8a-45ae-b17a-93115e0b1c05,colorless.org,resell,,,high,low,9,"HOSTINGER operations, UAB",04/01/2013 14:35,04/01/2027 14:35,26/09/2026 05:07
1060853b-b1e3-45cb-8e85-509efe72f5c4,vamper.org,available,,,high,high,6,,,,
0048c7f3-27da-47c2-bcbb-2b731eaf0d73,ascertainable.org,available,,,high,high,13,,,,